"page","input","from","to","cards","photos","first_item","last_item"
"G01_SONG_FULL_LYRICS_PAGE_01_OF_03_V10F_W0220","C:\ITEM TYPE SYSTEM - 20260924\SPOT_CHECK_V10F_ON_A_READER_W0220_20260924\02_INPUT_ONE_FILE_PER_PAGE\G01_SONG_FULL_LYRICS_PAGE_01_OF_03_V10F_W0220.json","1","10","10","15","3","69"
"G01_SONG_FULL_LYRICS_PAGE_01_OF_03_V10F_W0220","C:\ITEM TYPE SYSTEM - 20260924\SPOT_CHECK_V10F_ON_A_READER_W0220_20260924\02_INPUT_ONE_FILE_PER_PAGE\G01_SONG_FULL_LYRICS_PAGE_01_OF_03_V10F_W0220.json","11","20","10","21","71","146"
"G01_SONG_FULL_LYRICS_PAGE_01_OF_03_V10F_W0220","C:\ITEM TYPE SYSTEM - 20260924\SPOT_CHECK_V10F_ON_A_READER_W0220_20260924\02_INPUT_ONE_FILE_PER_PAGE\G01_SONG_FULL_LYRICS_PAGE_01_OF_03_V10F_W0220.json","21","30","10","21","152","211"
"G01_SONG_FULL_LYRICS_PAGE_02_OF_03_V10F_W0220","C:\ITEM TYPE SYSTEM - 20260924\SPOT_CHECK_V10F_ON_A_READER_W0220_20260924\02_INPUT_ONE_FILE_PER_PAGE\G01_SONG_FULL_LYRICS_PAGE_02_OF_03_V10F_W0220.json","1","10","10","20","221","332"
"G01_SONG_FULL_LYRICS_PAGE_02_OF_03_V10F_W0220","C:\ITEM TYPE SYSTEM - 20260924\SPOT_CHECK_V10F_ON_A_READER_W0220_20260924\02_INPUT_ONE_FILE_PER_PAGE\G01_SONG_FULL_LYRICS_PAGE_02_OF_03_V10F_W0220.json","11","20","10","14","335","416"
"G01_SONG_FULL_LYRICS_PAGE_02_OF_03_V10F_W0220","C:\ITEM TYPE SYSTEM - 20260924\SPOT_CHECK_V10F_ON_A_READER_W0220_20260924\02_INPUT_ONE_FILE_PER_PAGE\G01_SONG_FULL_LYRICS_PAGE_02_OF_03_V10F_W0220.json","21","30","10","25","438","551"
"G01_SONG_FULL_LYRICS_PAGE_03_OF_03_V10F_W0220","C:\ITEM TYPE SYSTEM - 20260924\SPOT_CHECK_V10F_ON_A_READER_W0220_20260924\02_INPUT_ONE_FILE_PER_PAGE\G01_SONG_FULL_LYRICS_PAGE_03_OF_03_V10F_W0220.json","1","10","10","26","552","1763"
"G01_SONG_FULL_LYRICS_PAGE_03_OF_03_V10F_W0220","C:\ITEM TYPE SYSTEM - 20260924\SPOT_CHECK_V10F_ON_A_READER_W0220_20260924\02_INPUT_ONE_FILE_PER_PAGE\G01_SONG_FULL_LYRICS_PAGE_03_OF_03_V10F_W0220.json","11","14","4","8","1973","1978"
"G02_SONG_HALF_OR_SHORTER_LYRICS_THAT_BECAME_A_SONG_PAGE_01_OF_02_V10F_W0220","C:\ITEM TYPE SYSTEM - 20260924\SPOT_CHECK_V10F_ON_A_READER_W0220_20260924\02_INPUT_ONE_FILE_PER_PAGE\G02_SONG_HALF_OR_SHORTER_LYRICS_THAT_BECAME_A_SONG_PAGE_01_OF_02_V10F_W0220.json","1","10","10","10","39","401"
"G02_SONG_HALF_OR_SHORTER_LYRICS_THAT_BECAME_A_SONG_PAGE_01_OF_02_V10F_W0220","C:\ITEM TYPE SYSTEM - 20260924\SPOT_CHECK_V10F_ON_A_READER_W0220_20260924\02_INPUT_ONE_FILE_PER_PAGE\G02_SONG_HALF_OR_SHORTER_LYRICS_THAT_BECAME_A_SONG_PAGE_01_OF_02_V10F_W0220.json","11","20","10","16","412","1984"
"G02_SONG_HALF_OR_SHORTER_LYRICS_THAT_BECAME_A_SONG_PAGE_01_OF_02_V10F_W0220","C:\ITEM TYPE SYSTEM - 20260924\SPOT_CHECK_V10F_ON_A_READER_W0220_20260924\02_INPUT_ONE_FILE_PER_PAGE\G02_SONG_HALF_OR_SHORTER_LYRICS_THAT_BECAME_A_SONG_PAGE_01_OF_02_V10F_W0220.json","21","30","10","15","17","339"
"G02_SONG_HALF_OR_SHORTER_LYRICS_THAT_BECAME_A_SONG_PAGE_02_OF_02_V10F_W0220","C:\ITEM TYPE SYSTEM - 20260924\SPOT_CHECK_V10F_ON_A_READER_W0220_20260924\02_INPUT_ONE_FILE_PER_PAGE\G02_SONG_HALF_OR_SHORTER_LYRICS_THAT_BECAME_A_SONG_PAGE_02_OF_02_V10F_W0220.json","1","10","10","11","342","982"
"G02_SONG_HALF_OR_SHORTER_LYRICS_THAT_BECAME_A_SONG_PAGE_02_OF_02_V10F_W0220","C:\ITEM TYPE SYSTEM - 20260924\SPOT_CHECK_V10F_ON_A_READER_W0220_20260924\02_INPUT_ONE_FILE_PER_PAGE\G02_SONG_HALF_OR_SHORTER_LYRICS_THAT_BECAME_A_SONG_PAGE_02_OF_02_V10F_W0220.json","11","13","3","9","984","1756"
"G03_POEM_IN_34_ALBUMS_PAGE_01_OF_13_V10F_W0220","C:\ITEM TYPE SYSTEM - 20260924\SPOT_CHECK_V10F_ON_A_READER_W0220_20260924\02_INPUT_ONE_FILE_PER_PAGE\G03_POEM_IN_34_ALBUMS_PAGE_01_OF_13_V10F_W0220.json","1","10","10","15","2","36"
"G03_POEM_IN_34_ALBUMS_PAGE_01_OF_13_V10F_W0220","C:\ITEM TYPE SYSTEM - 20260924\SPOT_CHECK_V10F_ON_A_READER_W0220_20260924\02_INPUT_ONE_FILE_PER_PAGE\G03_POEM_IN_34_ALBUMS_PAGE_01_OF_13_V10F_W0220.json","11","20","10","16","40","75"
"G03_POEM_IN_34_ALBUMS_PAGE_01_OF_13_V10F_W0220","C:\ITEM TYPE SYSTEM - 20260924\SPOT_CHECK_V10F_ON_A_READER_W0220_20260924\02_INPUT_ONE_FILE_PER_PAGE\G03_POEM_IN_34_ALBUMS_PAGE_01_OF_13_V10F_W0220.json","21","30","10","14","83","104"
"G03_POEM_IN_34_ALBUMS_PAGE_02_OF_13_V10F_W0220","C:\ITEM TYPE SYSTEM - 20260924\SPOT_CHECK_V10F_ON_A_READER_W0220_20260924\02_INPUT_ONE_FILE_PER_PAGE\G03_POEM_IN_34_ALBUMS_PAGE_02_OF_13_V10F_W0220.json","1","10","10","21","105","130"
"G03_POEM_IN_34_ALBUMS_PAGE_02_OF_13_V10F_W0220","C:\ITEM TYPE SYSTEM - 20260924\SPOT_CHECK_V10F_ON_A_READER_W0220_20260924\02_INPUT_ONE_FILE_PER_PAGE\G03_POEM_IN_34_ALBUMS_PAGE_02_OF_13_V10F_W0220.json","11","20","10","21","131","157"
"G03_POEM_IN_34_ALBUMS_PAGE_02_OF_13_V10F_W0220","C:\ITEM TYPE SYSTEM - 20260924\SPOT_CHECK_V10F_ON_A_READER_W0220_20260924\02_INPUT_ONE_FILE_PER_PAGE\G03_POEM_IN_34_ALBUMS_PAGE_02_OF_13_V10F_W0220.json","21","30","10","14","158","189"
"G03_POEM_IN_34_ALBUMS_PAGE_03_OF_13_V10F_W0220","C:\ITEM TYPE SYSTEM - 20260924\SPOT_CHECK_V10F_ON_A_READER_W0220_20260924\02_INPUT_ONE_FILE_PER_PAGE\G03_POEM_IN_34_ALBUMS_PAGE_03_OF_13_V10F_W0220.json","1","10","10","22","190","208"
"G03_POEM_IN_34_ALBUMS_PAGE_03_OF_13_V10F_W0220","C:\ITEM TYPE SYSTEM - 20260924\SPOT_CHECK_V10F_ON_A_READER_W0220_20260924\02_INPUT_ONE_FILE_PER_PAGE\G03_POEM_IN_34_ALBUMS_PAGE_03_OF_13_V10F_W0220.json","11","20","10","16","209","234"
"G03_POEM_IN_34_ALBUMS_PAGE_03_OF_13_V10F_W0220","C:\ITEM TYPE SYSTEM - 20260924\SPOT_CHECK_V10F_ON_A_READER_W0220_20260924\02_INPUT_ONE_FILE_PER_PAGE\G03_POEM_IN_34_ALBUMS_PAGE_03_OF_13_V10F_W0220.json","21","30","10","15","235","365"
"G03_POEM_IN_34_ALBUMS_PAGE_04_OF_13_V10F_W0220","C:\ITEM TYPE SYSTEM - 20260924\SPOT_CHECK_V10F_ON_A_READER_W0220_20260924\02_INPUT_ONE_FILE_PER_PAGE\G03_POEM_IN_34_ALBUMS_PAGE_04_OF_13_V10F_W0220.json","1","10","10","13","366","393"
"G03_POEM_IN_34_ALBUMS_PAGE_04_OF_13_V10F_W0220","C:\ITEM TYPE SYSTEM - 20260924\SPOT_CHECK_V10F_ON_A_READER_W0220_20260924\02_INPUT_ONE_FILE_PER_PAGE\G03_POEM_IN_34_ALBUMS_PAGE_04_OF_13_V10F_W0220.json","11","20","10","12","395","418"
"G03_POEM_IN_34_ALBUMS_PAGE_04_OF_13_V10F_W0220","C:\ITEM TYPE SYSTEM - 20260924\SPOT_CHECK_V10F_ON_A_READER_W0220_20260924\02_INPUT_ONE_FILE_PER_PAGE\G03_POEM_IN_34_ALBUMS_PAGE_04_OF_13_V10F_W0220.json","21","30","10","22","419","509"
"G03_POEM_IN_34_ALBUMS_PAGE_05_OF_13_V10F_W0220","C:\ITEM TYPE SYSTEM - 20260924\SPOT_CHECK_V10F_ON_A_READER_W0220_20260924\02_INPUT_ONE_FILE_PER_PAGE\G03_POEM_IN_34_ALBUMS_PAGE_05_OF_13_V10F_W0220.json","1","10","10","25","520","540"
"G03_POEM_IN_34_ALBUMS_PAGE_05_OF_13_V10F_W0220","C:\ITEM TYPE SYSTEM - 20260924\SPOT_CHECK_V10F_ON_A_READER_W0220_20260924\02_INPUT_ONE_FILE_PER_PAGE\G03_POEM_IN_34_ALBUMS_PAGE_05_OF_13_V10F_W0220.json","11","20","10","10","543","592"
"G03_POEM_IN_34_ALBUMS_PAGE_05_OF_13_V10F_W0220","C:\ITEM TYPE SYSTEM - 20260924\SPOT_CHECK_V10F_ON_A_READER_W0220_20260924\02_INPUT_ONE_FILE_PER_PAGE\G03_POEM_IN_34_ALBUMS_PAGE_05_OF_13_V10F_W0220.json","21","30","10","24","593","607"
"G03_POEM_IN_34_ALBUMS_PAGE_06_OF_13_V10F_W0220","C:\ITEM TYPE SYSTEM - 20260924\SPOT_CHECK_V10F_ON_A_READER_W0220_20260924\02_INPUT_ONE_FILE_PER_PAGE\G03_POEM_IN_34_ALBUMS_PAGE_06_OF_13_V10F_W0220.json","1","10","10","20","608","627"
"G03_POEM_IN_34_ALBUMS_PAGE_06_OF_13_V10F_W0220","C:\ITEM TYPE SYSTEM - 20260924\SPOT_CHECK_V10F_ON_A_READER_W0220_20260924\02_INPUT_ONE_FILE_PER_PAGE\G03_POEM_IN_34_ALBUMS_PAGE_06_OF_13_V10F_W0220.json","11","20","10","10","637","905"
"G03_POEM_IN_34_ALBUMS_PAGE_06_OF_13_V10F_W0220","C:\ITEM TYPE SYSTEM - 20260924\SPOT_CHECK_V10F_ON_A_READER_W0220_20260924\02_INPUT_ONE_FILE_PER_PAGE\G03_POEM_IN_34_ALBUMS_PAGE_06_OF_13_V10F_W0220.json","21","26","6","24","906","1730"
"G03_POEM_IN_34_ALBUMS_PAGE_06_OF_13_V10F_W0220","C:\ITEM TYPE SYSTEM - 20260924\SPOT_CHECK_V10F_ON_A_READER_W0220_20260924\02_INPUT_ONE_FILE_PER_PAGE\G03_POEM_IN_34_ALBUMS_PAGE_06_OF_13_V10F_W0220.json","27","27","1","22","1731","1731"
"G03_POEM_IN_34_ALBUMS_PAGE_06_OF_13_V10F_W0220","C:\ITEM TYPE SYSTEM - 20260924\SPOT_CHECK_V10F_ON_A_READER_W0220_20260924\02_INPUT_ONE_FILE_PER_PAGE\G03_POEM_IN_34_ALBUMS_PAGE_06_OF_13_V10F_W0220.json","28","29","2","22","1732","1733"
"G03_POEM_IN_34_ALBUMS_PAGE_06_OF_13_V10F_W0220","C:\ITEM TYPE SYSTEM - 20260924\SPOT_CHECK_V10F_ON_A_READER_W0220_20260924\02_INPUT_ONE_FILE_PER_PAGE\G03_POEM_IN_34_ALBUMS_PAGE_06_OF_13_V10F_W0220.json","30","30","1","24","1764","1764"
"G03_POEM_IN_34_ALBUMS_PAGE_07_OF_13_V10F_W0220","C:\ITEM TYPE SYSTEM - 20260924\SPOT_CHECK_V10F_ON_A_READER_W0220_20260924\02_INPUT_ONE_FILE_PER_PAGE\G03_POEM_IN_34_ALBUMS_PAGE_07_OF_13_V10F_W0220.json","1","10","10","21","1946","1988"
"G03_POEM_IN_34_ALBUMS_PAGE_07_OF_13_V10F_W0220","C:\ITEM TYPE SYSTEM - 20260924\SPOT_CHECK_V10F_ON_A_READER_W0220_20260924\02_INPUT_ONE_FILE_PER_PAGE\G03_POEM_IN_34_ALBUMS_PAGE_07_OF_13_V10F_W0220.json","11","20","10","22","1989","46"
"G03_POEM_IN_34_ALBUMS_PAGE_07_OF_13_V10F_W0220","C:\ITEM TYPE SYSTEM - 20260924\SPOT_CHECK_V10F_ON_A_READER_W0220_20260924\02_INPUT_ONE_FILE_PER_PAGE\G03_POEM_IN_34_ALBUMS_PAGE_07_OF_13_V10F_W0220.json","21","30","10","13","50","214"
"G03_POEM_IN_34_ALBUMS_PAGE_08_OF_13_V10F_W0220","C:\ITEM TYPE SYSTEM - 20260924\SPOT_CHECK_V10F_ON_A_READER_W0220_20260924\02_INPUT_ONE_FILE_PER_PAGE\G03_POEM_IN_34_ALBUMS_PAGE_08_OF_13_V10F_W0220.json","1","10","10","11","218","305"
"G03_POEM_IN_34_ALBUMS_PAGE_08_OF_13_V10F_W0220","C:\ITEM TYPE SYSTEM - 20260924\SPOT_CHECK_V10F_ON_A_READER_W0220_20260924\02_INPUT_ONE_FILE_PER_PAGE\G03_POEM_IN_34_ALBUMS_PAGE_08_OF_13_V10F_W0220.json","11","20","10","10","318","429"
"G03_POEM_IN_34_ALBUMS_PAGE_08_OF_13_V10F_W0220","C:\ITEM TYPE SYSTEM - 20260924\SPOT_CHECK_V10F_ON_A_READER_W0220_20260924\02_INPUT_ONE_FILE_PER_PAGE\G03_POEM_IN_34_ALBUMS_PAGE_08_OF_13_V10F_W0220.json","21","30","10","13","432","553"
"G03_POEM_IN_34_ALBUMS_PAGE_09_OF_13_V10F_W0220","C:\ITEM TYPE SYSTEM - 20260924\SPOT_CHECK_V10F_ON_A_READER_W0220_20260924\02_INPUT_ONE_FILE_PER_PAGE\G03_POEM_IN_34_ALBUMS_PAGE_09_OF_13_V10F_W0220.json","1","10","10","12","563","687"
"G03_POEM_IN_34_ALBUMS_PAGE_09_OF_13_V10F_W0220","C:\ITEM TYPE SYSTEM - 20260924\SPOT_CHECK_V10F_ON_A_READER_W0220_20260924\02_INPUT_ONE_FILE_PER_PAGE\G03_POEM_IN_34_ALBUMS_PAGE_09_OF_13_V10F_W0220.json","11","20","10","14","698","881"
"G03_POEM_IN_34_ALBUMS_PAGE_09_OF_13_V10F_W0220","C:\ITEM TYPE SYSTEM - 20260924\SPOT_CHECK_V10F_ON_A_READER_W0220_20260924\02_INPUT_ONE_FILE_PER_PAGE\G03_POEM_IN_34_ALBUMS_PAGE_09_OF_13_V10F_W0220.json","21","30","10","16","886","21"
"G03_POEM_IN_34_ALBUMS_PAGE_10_OF_13_V10F_W0220","C:\ITEM TYPE SYSTEM - 20260924\SPOT_CHECK_V10F_ON_A_READER_W0220_20260924\02_INPUT_ONE_FILE_PER_PAGE\G03_POEM_IN_34_ALBUMS_PAGE_10_OF_13_V10F_W0220.json","1","10","10","11","23","110"
"G03_POEM_IN_34_ALBUMS_PAGE_10_OF_13_V10F_W0220","C:\ITEM TYPE SYSTEM - 20260924\SPOT_CHECK_V10F_ON_A_READER_W0220_20260924\02_INPUT_ONE_FILE_PER_PAGE\G03_POEM_IN_34_ALBUMS_PAGE_10_OF_13_V10F_W0220.json","11","20","10","12","118","198"
"G03_POEM_IN_34_ALBUMS_PAGE_10_OF_13_V10F_W0220","C:\ITEM TYPE SYSTEM - 20260924\SPOT_CHECK_V10F_ON_A_READER_W0220_20260924\02_INPUT_ONE_FILE_PER_PAGE\G03_POEM_IN_34_ALBUMS_PAGE_10_OF_13_V10F_W0220.json","21","30","10","10","203","258"
"G03_POEM_IN_34_ALBUMS_PAGE_11_OF_13_V10F_W0220","C:\ITEM TYPE SYSTEM - 20260924\SPOT_CHECK_V10F_ON_A_READER_W0220_20260924\02_INPUT_ONE_FILE_PER_PAGE\G03_POEM_IN_34_ALBUMS_PAGE_11_OF_13_V10F_W0220.json","1","10","10","10","259","303"
"G03_POEM_IN_34_ALBUMS_PAGE_11_OF_13_V10F_W0220","C:\ITEM TYPE SYSTEM - 20260924\SPOT_CHECK_V10F_ON_A_READER_W0220_20260924\02_INPUT_ONE_FILE_PER_PAGE\G03_POEM_IN_34_ALBUMS_PAGE_11_OF_13_V10F_W0220.json","11","20","10","12","304","349"
"G03_POEM_IN_34_ALBUMS_PAGE_11_OF_13_V10F_W0220","C:\ITEM TYPE SYSTEM - 20260924\SPOT_CHECK_V10F_ON_A_READER_W0220_20260924\02_INPUT_ONE_FILE_PER_PAGE\G03_POEM_IN_34_ALBUMS_PAGE_11_OF_13_V10F_W0220.json","21","30","10","10","354","441"
"G03_POEM_IN_34_ALBUMS_PAGE_12_OF_13_V10F_W0220","C:\ITEM TYPE SYSTEM - 20260924\SPOT_CHECK_V10F_ON_A_READER_W0220_20260924\02_INPUT_ONE_FILE_PER_PAGE\G03_POEM_IN_34_ALBUMS_PAGE_12_OF_13_V10F_W0220.json","1","10","10","14","449","633"
"G03_POEM_IN_34_ALBUMS_PAGE_12_OF_13_V10F_W0220","C:\ITEM TYPE SYSTEM - 20260924\SPOT_CHECK_V10F_ON_A_READER_W0220_20260924\02_INPUT_ONE_FILE_PER_PAGE\G03_POEM_IN_34_ALBUMS_PAGE_12_OF_13_V10F_W0220.json","11","20","10","11","634","656"
"G03_POEM_IN_34_ALBUMS_PAGE_12_OF_13_V10F_W0220","C:\ITEM TYPE SYSTEM - 20260924\SPOT_CHECK_V10F_ON_A_READER_W0220_20260924\02_INPUT_ONE_FILE_PER_PAGE\G03_POEM_IN_34_ALBUMS_PAGE_12_OF_13_V10F_W0220.json","21","30","10","10","659","786"
"G03_POEM_IN_34_ALBUMS_PAGE_13_OF_13_V10F_W0220","C:\ITEM TYPE SYSTEM - 20260924\SPOT_CHECK_V10F_ON_A_READER_W0220_20260924\02_INPUT_ONE_FILE_PER_PAGE\G03_POEM_IN_34_ALBUMS_PAGE_13_OF_13_V10F_W0220.json","1","10","10","10","788","875"
"G03_POEM_IN_34_ALBUMS_PAGE_13_OF_13_V10F_W0220","C:\ITEM TYPE SYSTEM - 20260924\SPOT_CHECK_V10F_ON_A_READER_W0220_20260924\02_INPUT_ONE_FILE_PER_PAGE\G03_POEM_IN_34_ALBUMS_PAGE_13_OF_13_V10F_W0220.json","11","20","10","13","883","1053"
"G03_POEM_IN_34_ALBUMS_PAGE_13_OF_13_V10F_W0220","C:\ITEM TYPE SYSTEM - 20260924\SPOT_CHECK_V10F_ON_A_READER_W0220_20260924\02_INPUT_ONE_FILE_PER_PAGE\G03_POEM_IN_34_ALBUMS_PAGE_13_OF_13_V10F_W0220.json","21","23","3","22","1627","1968"
"G04_POEM_IN_POEMS_BY_TOM_PAGE_01_OF_02_V10F_W0220","C:\ITEM TYPE SYSTEM - 20260924\SPOT_CHECK_V10F_ON_A_READER_W0220_20260924\02_INPUT_ONE_FILE_PER_PAGE\G04_POEM_IN_POEMS_BY_TOM_PAGE_01_OF_02_V10F_W0220.json","1","10","10","13","72","359"
"G04_POEM_IN_POEMS_BY_TOM_PAGE_01_OF_02_V10F_W0220","C:\ITEM TYPE SYSTEM - 20260924\SPOT_CHECK_V10F_ON_A_READER_W0220_20260924\02_INPUT_ONE_FILE_PER_PAGE\G04_POEM_IN_POEMS_BY_TOM_PAGE_01_OF_02_V10F_W0220.json","11","20","10","16","392","542"
"G04_POEM_IN_POEMS_BY_TOM_PAGE_01_OF_02_V10F_W0220","C:\ITEM TYPE SYSTEM - 20260924\SPOT_CHECK_V10F_ON_A_READER_W0220_20260924\02_INPUT_ONE_FILE_PER_PAGE\G04_POEM_IN_POEMS_BY_TOM_PAGE_01_OF_02_V10F_W0220.json","21","30","10","12","550","755"
"G04_POEM_IN_POEMS_BY_TOM_PAGE_02_OF_02_V10F_W0220","C:\ITEM TYPE SYSTEM - 20260924\SPOT_CHECK_V10F_ON_A_READER_W0220_20260924\02_INPUT_ONE_FILE_PER_PAGE\G04_POEM_IN_POEMS_BY_TOM_PAGE_02_OF_02_V10F_W0220.json","1","10","10","13","787","1054"
"G04_POEM_IN_POEMS_BY_TOM_PAGE_02_OF_02_V10F_W0220","C:\ITEM TYPE SYSTEM - 20260924\SPOT_CHECK_V10F_ON_A_READER_W0220_20260924\02_INPUT_ONE_FILE_PER_PAGE\G04_POEM_IN_POEMS_BY_TOM_PAGE_02_OF_02_V10F_W0220.json","11","19","9","11","53","1067"
"G05_POEM_UNRELEASED_PAGE_01_OF_19_V10F_W0220","C:\ITEM TYPE SYSTEM - 20260924\SPOT_CHECK_V10F_ON_A_READER_W0220_20260924\02_INPUT_ONE_FILE_PER_PAGE\G05_POEM_UNRELEASED_PAGE_01_OF_19_V10F_W0220.json","1","10","10","14","7","79"
"G05_POEM_UNRELEASED_PAGE_01_OF_19_V10F_W0220","C:\ITEM TYPE SYSTEM - 20260924\SPOT_CHECK_V10F_ON_A_READER_W0220_20260924\02_INPUT_ONE_FILE_PER_PAGE\G05_POEM_UNRELEASED_PAGE_01_OF_19_V10F_W0220.json","11","20","10","14","82","164"
"G05_POEM_UNRELEASED_PAGE_01_OF_19_V10F_W0220","C:\ITEM TYPE SYSTEM - 20260924\SPOT_CHECK_V10F_ON_A_READER_W0220_20260924\02_INPUT_ONE_FILE_PER_PAGE\G05_POEM_UNRELEASED_PAGE_01_OF_19_V10F_W0220.json","21","30","10","13","172","291"
"G05_POEM_UNRELEASED_PAGE_02_OF_19_V10F_W0220","C:\ITEM TYPE SYSTEM - 20260924\SPOT_CHECK_V10F_ON_A_READER_W0220_20260924\02_INPUT_ONE_FILE_PER_PAGE\G05_POEM_UNRELEASED_PAGE_02_OF_19_V10F_W0220.json","1","10","10","12","297","466"
"G05_POEM_UNRELEASED_PAGE_02_OF_19_V10F_W0220","C:\ITEM TYPE SYSTEM - 20260924\SPOT_CHECK_V10F_ON_A_READER_W0220_20260924\02_INPUT_ONE_FILE_PER_PAGE\G05_POEM_UNRELEASED_PAGE_02_OF_19_V10F_W0220.json","11","20","10","15","468","507"
"G05_POEM_UNRELEASED_PAGE_02_OF_19_V10F_W0220","C:\ITEM TYPE SYSTEM - 20260924\SPOT_CHECK_V10F_ON_A_READER_W0220_20260924\02_INPUT_ONE_FILE_PER_PAGE\G05_POEM_UNRELEASED_PAGE_02_OF_19_V10F_W0220.json","21","30","10","20","513","547"
"G05_POEM_UNRELEASED_PAGE_03_OF_19_V10F_W0220","C:\ITEM TYPE SYSTEM - 20260924\SPOT_CHECK_V10F_ON_A_READER_W0220_20260924\02_INPUT_ONE_FILE_PER_PAGE\G05_POEM_UNRELEASED_PAGE_03_OF_19_V10F_W0220.json","1","10","10","11","549","573"
"G05_POEM_UNRELEASED_PAGE_03_OF_19_V10F_W0220","C:\ITEM TYPE SYSTEM - 20260924\SPOT_CHECK_V10F_ON_A_READER_W0220_20260924\02_INPUT_ONE_FILE_PER_PAGE\G05_POEM_UNRELEASED_PAGE_03_OF_19_V10F_W0220.json","11","20","10","15","579","629"
"G05_POEM_UNRELEASED_PAGE_03_OF_19_V10F_W0220","C:\ITEM TYPE SYSTEM - 20260924\SPOT_CHECK_V10F_ON_A_READER_W0220_20260924\02_INPUT_ONE_FILE_PER_PAGE\G05_POEM_UNRELEASED_PAGE_03_OF_19_V10F_W0220.json","21","30","10","10","635","692"
"G05_POEM_UNRELEASED_PAGE_04_OF_19_V10F_W0220","C:\ITEM TYPE SYSTEM - 20260924\SPOT_CHECK_V10F_ON_A_READER_W0220_20260924\02_INPUT_ONE_FILE_PER_PAGE\G05_POEM_UNRELEASED_PAGE_04_OF_19_V10F_W0220.json","1","10","10","10","697","731"
"G05_POEM_UNRELEASED_PAGE_04_OF_19_V10F_W0220","C:\ITEM TYPE SYSTEM - 20260924\SPOT_CHECK_V10F_ON_A_READER_W0220_20260924\02_INPUT_ONE_FILE_PER_PAGE\G05_POEM_UNRELEASED_PAGE_04_OF_19_V10F_W0220.json","11","20","10","10","735","752"
"G05_POEM_UNRELEASED_PAGE_04_OF_19_V10F_W0220","C:\ITEM TYPE SYSTEM - 20260924\SPOT_CHECK_V10F_ON_A_READER_W0220_20260924\02_INPUT_ONE_FILE_PER_PAGE\G05_POEM_UNRELEASED_PAGE_04_OF_19_V10F_W0220.json","21","30","10","11","753","789"
"G05_POEM_UNRELEASED_PAGE_05_OF_19_V10F_W0220","C:\ITEM TYPE SYSTEM - 20260924\SPOT_CHECK_V10F_ON_A_READER_W0220_20260924\02_INPUT_ONE_FILE_PER_PAGE\G05_POEM_UNRELEASED_PAGE_05_OF_19_V10F_W0220.json","1","10","10","16","794","1001"
"G05_POEM_UNRELEASED_PAGE_05_OF_19_V10F_W0220","C:\ITEM TYPE SYSTEM - 20260924\SPOT_CHECK_V10F_ON_A_READER_W0220_20260924\02_INPUT_ONE_FILE_PER_PAGE\G05_POEM_UNRELEASED_PAGE_05_OF_19_V10F_W0220.json","11","16","6","26","1072","1102"
"G05_POEM_UNRELEASED_PAGE_05_OF_19_V10F_W0220","C:\ITEM TYPE SYSTEM - 20260924\SPOT_CHECK_V10F_ON_A_READER_W0220_20260924\02_INPUT_ONE_FILE_PER_PAGE\G05_POEM_UNRELEASED_PAGE_05_OF_19_V10F_W0220.json","17","26","10","28","1604","2000"
"G05_POEM_UNRELEASED_PAGE_05_OF_19_V10F_W0220","C:\ITEM TYPE SYSTEM - 20260924\SPOT_CHECK_V10F_ON_A_READER_W0220_20260924\02_INPUT_ONE_FILE_PER_PAGE\G05_POEM_UNRELEASED_PAGE_05_OF_19_V10F_W0220.json","27","30","4","5","1","13"
"G05_POEM_UNRELEASED_PAGE_06_OF_19_V10F_W0220","C:\ITEM TYPE SYSTEM - 20260924\SPOT_CHECK_V10F_ON_A_READER_W0220_20260924\02_INPUT_ONE_FILE_PER_PAGE\G05_POEM_UNRELEASED_PAGE_06_OF_19_V10F_W0220.json","1","10","10","10","19","245"
"G05_POEM_UNRELEASED_PAGE_06_OF_19_V10F_W0220","C:\ITEM TYPE SYSTEM - 20260924\SPOT_CHECK_V10F_ON_A_READER_W0220_20260924\02_INPUT_ONE_FILE_PER_PAGE\G05_POEM_UNRELEASED_PAGE_06_OF_19_V10F_W0220.json","11","20","10","13","246","294"
"G05_POEM_UNRELEASED_PAGE_06_OF_19_V10F_W0220","C:\ITEM TYPE SYSTEM - 20260924\SPOT_CHECK_V10F_ON_A_READER_W0220_20260924\02_INPUT_ONE_FILE_PER_PAGE\G05_POEM_UNRELEASED_PAGE_06_OF_19_V10F_W0220.json","21","30","10","12","298","457"
"G05_POEM_UNRELEASED_PAGE_07_OF_19_V10F_W0220","C:\ITEM TYPE SYSTEM - 20260924\SPOT_CHECK_V10F_ON_A_READER_W0220_20260924\02_INPUT_ONE_FILE_PER_PAGE\G05_POEM_UNRELEASED_PAGE_07_OF_19_V10F_W0220.json","1","10","10","10","461","489"
"G05_POEM_UNRELEASED_PAGE_07_OF_19_V10F_W0220","C:\ITEM TYPE SYSTEM - 20260924\SPOT_CHECK_V10F_ON_A_READER_W0220_20260924\02_INPUT_ONE_FILE_PER_PAGE\G05_POEM_UNRELEASED_PAGE_07_OF_19_V10F_W0220.json","11","20","10","17","494","590"
"G05_POEM_UNRELEASED_PAGE_07_OF_19_V10F_W0220","C:\ITEM TYPE SYSTEM - 20260924\SPOT_CHECK_V10F_ON_A_READER_W0220_20260924\02_INPUT_ONE_FILE_PER_PAGE\G05_POEM_UNRELEASED_PAGE_07_OF_19_V10F_W0220.json","21","30","10","14","628","696"
"G05_POEM_UNRELEASED_PAGE_08_OF_19_V10F_W0220","C:\ITEM TYPE SYSTEM - 20260924\SPOT_CHECK_V10F_ON_A_READER_W0220_20260924\02_INPUT_ONE_FILE_PER_PAGE\G05_POEM_UNRELEASED_PAGE_08_OF_19_V10F_W0220.json","1","10","10","10","699","724"
"G05_POEM_UNRELEASED_PAGE_08_OF_19_V10F_W0220","C:\ITEM TYPE SYSTEM - 20260924\SPOT_CHECK_V10F_ON_A_READER_W0220_20260924\02_INPUT_ONE_FILE_PER_PAGE\G05_POEM_UNRELEASED_PAGE_08_OF_19_V10F_W0220.json","11","20","10","16","725","758"
"G05_POEM_UNRELEASED_PAGE_08_OF_19_V10F_W0220","C:\ITEM TYPE SYSTEM - 20260924\SPOT_CHECK_V10F_ON_A_READER_W0220_20260924\02_INPUT_ONE_FILE_PER_PAGE\G05_POEM_UNRELEASED_PAGE_08_OF_19_V10F_W0220.json","21","30","10","11","762","793"
"G05_POEM_UNRELEASED_PAGE_09_OF_19_V10F_W0220","C:\ITEM TYPE SYSTEM - 20260924\SPOT_CHECK_V10F_ON_A_READER_W0220_20260924\02_INPUT_ONE_FILE_PER_PAGE\G05_POEM_UNRELEASED_PAGE_09_OF_19_V10F_W0220.json","1","10","10","11","796","857"
"G05_POEM_UNRELEASED_PAGE_09_OF_19_V10F_W0220","C:\ITEM TYPE SYSTEM - 20260924\SPOT_CHECK_V10F_ON_A_READER_W0220_20260924\02_INPUT_ONE_FILE_PER_PAGE\G05_POEM_UNRELEASED_PAGE_09_OF_19_V10F_W0220.json","11","20","10","12","864","991"
"G05_POEM_UNRELEASED_PAGE_09_OF_19_V10F_W0220","C:\ITEM TYPE SYSTEM - 20260924\SPOT_CHECK_V10F_ON_A_READER_W0220_20260924\02_INPUT_ONE_FILE_PER_PAGE\G05_POEM_UNRELEASED_PAGE_09_OF_19_V10F_W0220.json","21","30","10","8","1017","1082"
"G05_POEM_UNRELEASED_PAGE_10_OF_19_V10F_W0220","C:\ITEM TYPE SYSTEM - 20260924\SPOT_CHECK_V10F_ON_A_READER_W0220_20260924\02_INPUT_ONE_FILE_PER_PAGE\G05_POEM_UNRELEASED_PAGE_10_OF_19_V10F_W0220.json","1","10","10","12","1099","112"
"G05_POEM_UNRELEASED_PAGE_10_OF_19_V10F_W0220","C:\ITEM TYPE SYSTEM - 20260924\SPOT_CHECK_V10F_ON_A_READER_W0220_20260924\02_INPUT_ONE_FILE_PER_PAGE\G05_POEM_UNRELEASED_PAGE_10_OF_19_V10F_W0220.json","11","20","10","11","113","247"
"G05_POEM_UNRELEASED_PAGE_10_OF_19_V10F_W0220","C:\ITEM TYPE SYSTEM - 20260924\SPOT_CHECK_V10F_ON_A_READER_W0220_20260924\02_INPUT_ONE_FILE_PER_PAGE\G05_POEM_UNRELEASED_PAGE_10_OF_19_V10F_W0220.json","21","30","10","10","251","296"
"G05_POEM_UNRELEASED_PAGE_11_OF_19_V10F_W0220","C:\ITEM TYPE SYSTEM - 20260924\SPOT_CHECK_V10F_ON_A_READER_W0220_20260924\02_INPUT_ONE_FILE_PER_PAGE\G05_POEM_UNRELEASED_PAGE_11_OF_19_V10F_W0220.json","1","10","10","10","301","329"
"G05_POEM_UNRELEASED_PAGE_11_OF_19_V10F_W0220","C:\ITEM TYPE SYSTEM - 20260924\SPOT_CHECK_V10F_ON_A_READER_W0220_20260924\02_INPUT_ONE_FILE_PER_PAGE\G05_POEM_UNRELEASED_PAGE_11_OF_19_V10F_W0220.json","11","20","10","10","330","355"
"G05_POEM_UNRELEASED_PAGE_11_OF_19_V10F_W0220","C:\ITEM TYPE SYSTEM - 20260924\SPOT_CHECK_V10F_ON_A_READER_W0220_20260924\02_INPUT_ONE_FILE_PER_PAGE\G05_POEM_UNRELEASED_PAGE_11_OF_19_V10F_W0220.json","21","30","10","10","369","480"
"G05_POEM_UNRELEASED_PAGE_12_OF_19_V10F_W0220","C:\ITEM TYPE SYSTEM - 20260924\SPOT_CHECK_V10F_ON_A_READER_W0220_20260924\02_INPUT_ONE_FILE_PER_PAGE\G05_POEM_UNRELEASED_PAGE_12_OF_19_V10F_W0220.json","1","10","10","12","483","630"
"G05_POEM_UNRELEASED_PAGE_12_OF_19_V10F_W0220","C:\ITEM TYPE SYSTEM - 20260924\SPOT_CHECK_V10F_ON_A_READER_W0220_20260924\02_INPUT_ONE_FILE_PER_PAGE\G05_POEM_UNRELEASED_PAGE_12_OF_19_V10F_W0220.json","11","20","10","11","631","669"
"G05_POEM_UNRELEASED_PAGE_12_OF_19_V10F_W0220","C:\ITEM TYPE SYSTEM - 20260924\SPOT_CHECK_V10F_ON_A_READER_W0220_20260924\02_INPUT_ONE_FILE_PER_PAGE\G05_POEM_UNRELEASED_PAGE_12_OF_19_V10F_W0220.json","21","30","10","11","671","689"
"G05_POEM_UNRELEASED_PAGE_13_OF_19_V10F_W0220","C:\ITEM TYPE SYSTEM - 20260924\SPOT_CHECK_V10F_ON_A_READER_W0220_20260924\02_INPUT_ONE_FILE_PER_PAGE\G05_POEM_UNRELEASED_PAGE_13_OF_19_V10F_W0220.json","1","10","10","10","693","770"
"G05_POEM_UNRELEASED_PAGE_13_OF_19_V10F_W0220","C:\ITEM TYPE SYSTEM - 20260924\SPOT_CHECK_V10F_ON_A_READER_W0220_20260924\02_INPUT_ONE_FILE_PER_PAGE\G05_POEM_UNRELEASED_PAGE_13_OF_19_V10F_W0220.json","11","20","10","10","771","815"
"G05_POEM_UNRELEASED_PAGE_13_OF_19_V10F_W0220","C:\ITEM TYPE SYSTEM - 20260924\SPOT_CHECK_V10F_ON_A_READER_W0220_20260924\02_INPUT_ONE_FILE_PER_PAGE\G05_POEM_UNRELEASED_PAGE_13_OF_19_V10F_W0220.json","21","30","10","12","816","830"
"G05_POEM_UNRELEASED_PAGE_14_OF_19_V10F_W0220","C:\ITEM TYPE SYSTEM - 20260924\SPOT_CHECK_V10F_ON_A_READER_W0220_20260924\02_INPUT_ONE_FILE_PER_PAGE\G05_POEM_UNRELEASED_PAGE_14_OF_19_V10F_W0220.json","1","10","10","10","831","844"
"G05_POEM_UNRELEASED_PAGE_14_OF_19_V10F_W0220","C:\ITEM TYPE SYSTEM - 20260924\SPOT_CHECK_V10F_ON_A_READER_W0220_20260924\02_INPUT_ONE_FILE_PER_PAGE\G05_POEM_UNRELEASED_PAGE_14_OF_19_V10F_W0220.json","11","20","10","10","845","859"
"G05_POEM_UNRELEASED_PAGE_14_OF_19_V10F_W0220","C:\ITEM TYPE SYSTEM - 20260924\SPOT_CHECK_V10F_ON_A_READER_W0220_20260924\02_INPUT_ONE_FILE_PER_PAGE\G05_POEM_UNRELEASED_PAGE_14_OF_19_V10F_W0220.json","21","30","10","10","861","873"
"G05_POEM_UNRELEASED_PAGE_15_OF_19_V10F_W0220","C:\ITEM TYPE SYSTEM - 20260924\SPOT_CHECK_V10F_ON_A_READER_W0220_20260924\02_INPUT_ONE_FILE_PER_PAGE\G05_POEM_UNRELEASED_PAGE_15_OF_19_V10F_W0220.json","1","10","10","11","876","894"
"G05_POEM_UNRELEASED_PAGE_15_OF_19_V10F_W0220","C:\ITEM TYPE SYSTEM - 20260924\SPOT_CHECK_V10F_ON_A_READER_W0220_20260924\02_INPUT_ONE_FILE_PER_PAGE\G05_POEM_UNRELEASED_PAGE_15_OF_19_V10F_W0220.json","11","20","10","11","895","908"
"G05_POEM_UNRELEASED_PAGE_15_OF_19_V10F_W0220","C:\ITEM TYPE SYSTEM - 20260924\SPOT_CHECK_V10F_ON_A_READER_W0220_20260924\02_INPUT_ONE_FILE_PER_PAGE\G05_POEM_UNRELEASED_PAGE_15_OF_19_V10F_W0220.json","21","30","10","10","909","927"
"G05_POEM_UNRELEASED_PAGE_16_OF_19_V10F_W0220","C:\ITEM TYPE SYSTEM - 20260924\SPOT_CHECK_V10F_ON_A_READER_W0220_20260924\02_INPUT_ONE_FILE_PER_PAGE\G05_POEM_UNRELEASED_PAGE_16_OF_19_V10F_W0220.json","1","10","10","10","928","938"
"G05_POEM_UNRELEASED_PAGE_16_OF_19_V10F_W0220","C:\ITEM TYPE SYSTEM - 20260924\SPOT_CHECK_V10F_ON_A_READER_W0220_20260924\02_INPUT_ONE_FILE_PER_PAGE\G05_POEM_UNRELEASED_PAGE_16_OF_19_V10F_W0220.json","11","20","10","12","941","959"
"G05_POEM_UNRELEASED_PAGE_16_OF_19_V10F_W0220","C:\ITEM TYPE SYSTEM - 20260924\SPOT_CHECK_V10F_ON_A_READER_W0220_20260924\02_INPUT_ONE_FILE_PER_PAGE\G05_POEM_UNRELEASED_PAGE_16_OF_19_V10F_W0220.json","21","30","10","11","960","972"
"G05_POEM_UNRELEASED_PAGE_17_OF_19_V10F_W0220","C:\ITEM TYPE SYSTEM - 20260924\SPOT_CHECK_V10F_ON_A_READER_W0220_20260924\02_INPUT_ONE_FILE_PER_PAGE\G05_POEM_UNRELEASED_PAGE_17_OF_19_V10F_W0220.json","1","10","10","10","973","983"
"G05_POEM_UNRELEASED_PAGE_17_OF_19_V10F_W0220","C:\ITEM TYPE SYSTEM - 20260924\SPOT_CHECK_V10F_ON_A_READER_W0220_20260924\02_INPUT_ONE_FILE_PER_PAGE\G05_POEM_UNRELEASED_PAGE_17_OF_19_V10F_W0220.json","11","20","10","10","988","1006"
"G05_POEM_UNRELEASED_PAGE_17_OF_19_V10F_W0220","C:\ITEM TYPE SYSTEM - 20260924\SPOT_CHECK_V10F_ON_A_READER_W0220_20260924\02_INPUT_ONE_FILE_PER_PAGE\G05_POEM_UNRELEASED_PAGE_17_OF_19_V10F_W0220.json","21","30","10","12","1007","1016"
"G05_POEM_UNRELEASED_PAGE_18_OF_19_V10F_W0220","C:\ITEM TYPE SYSTEM - 20260924\SPOT_CHECK_V10F_ON_A_READER_W0220_20260924\02_INPUT_ONE_FILE_PER_PAGE\G05_POEM_UNRELEASED_PAGE_18_OF_19_V10F_W0220.json","1","10","10","10","1018","1028"
"G05_POEM_UNRELEASED_PAGE_18_OF_19_V10F_W0220","C:\ITEM TYPE SYSTEM - 20260924\SPOT_CHECK_V10F_ON_A_READER_W0220_20260924\02_INPUT_ONE_FILE_PER_PAGE\G05_POEM_UNRELEASED_PAGE_18_OF_19_V10F_W0220.json","11","20","10","13","1029","1042"
"G05_POEM_UNRELEASED_PAGE_18_OF_19_V10F_W0220","C:\ITEM TYPE SYSTEM - 20260924\SPOT_CHECK_V10F_ON_A_READER_W0220_20260924\02_INPUT_ONE_FILE_PER_PAGE\G05_POEM_UNRELEASED_PAGE_18_OF_19_V10F_W0220.json","21","30","10","10","1044","1058"
"G05_POEM_UNRELEASED_PAGE_19_OF_19_V10F_W0220","C:\ITEM TYPE SYSTEM - 20260924\SPOT_CHECK_V10F_ON_A_READER_W0220_20260924\02_INPUT_ONE_FILE_PER_PAGE\G05_POEM_UNRELEASED_PAGE_19_OF_19_V10F_W0220.json","1","10","10","9","1059","1076"
"G05_POEM_UNRELEASED_PAGE_19_OF_19_V10F_W0220","C:\ITEM TYPE SYSTEM - 20260924\SPOT_CHECK_V10F_ON_A_READER_W0220_20260924\02_INPUT_ONE_FILE_PER_PAGE\G05_POEM_UNRELEASED_PAGE_19_OF_19_V10F_W0220.json","11","17","7","10","1077","1648"
"G07_WRITINGS_NOT_LYRICS_PAGE_01_OF_04_V10F_W0220","C:\ITEM TYPE SYSTEM - 20260924\SPOT_CHECK_V10F_ON_A_READER_W0220_20260924\02_INPUT_ONE_FILE_PER_PAGE\G07_WRITINGS_NOT_LYRICS_PAGE_01_OF_04_V10F_W0220.json","1","10","10","30","1818","1825"
"G07_WRITINGS_NOT_LYRICS_PAGE_01_OF_04_V10F_W0220","C:\ITEM TYPE SYSTEM - 20260924\SPOT_CHECK_V10F_ON_A_READER_W0220_20260924\02_INPUT_ONE_FILE_PER_PAGE\G07_WRITINGS_NOT_LYRICS_PAGE_01_OF_04_V10F_W0220.json","11","14","4","27","1827","1830"
"G07_WRITINGS_NOT_LYRICS_PAGE_01_OF_04_V10F_W0220","C:\ITEM TYPE SYSTEM - 20260924\SPOT_CHECK_V10F_ON_A_READER_W0220_20260924\02_INPUT_ONE_FILE_PER_PAGE\G07_WRITINGS_NOT_LYRICS_PAGE_01_OF_04_V10F_W0220.json","15","23","9","27","1831","1839"
"G07_WRITINGS_NOT_LYRICS_PAGE_01_OF_04_V10F_W0220","C:\ITEM TYPE SYSTEM - 20260924\SPOT_CHECK_V10F_ON_A_READER_W0220_20260924\02_INPUT_ONE_FILE_PER_PAGE\G07_WRITINGS_NOT_LYRICS_PAGE_01_OF_04_V10F_W0220.json","24","27","4","28","1840","1843"
"G07_WRITINGS_NOT_LYRICS_PAGE_01_OF_04_V10F_W0220","C:\ITEM TYPE SYSTEM - 20260924\SPOT_CHECK_V10F_ON_A_READER_W0220_20260924\02_INPUT_ONE_FILE_PER_PAGE\G07_WRITINGS_NOT_LYRICS_PAGE_01_OF_04_V10F_W0220.json","28","30","3","15","1848","1850"
"G07_WRITINGS_NOT_LYRICS_PAGE_02_OF_04_V10F_W0220","C:\ITEM TYPE SYSTEM - 20260924\SPOT_CHECK_V10F_ON_A_READER_W0220_20260924\02_INPUT_ONE_FILE_PER_PAGE\G07_WRITINGS_NOT_LYRICS_PAGE_02_OF_04_V10F_W0220.json","1","6","6","29","1851","1856"
"G07_WRITINGS_NOT_LYRICS_PAGE_02_OF_04_V10F_W0220","C:\ITEM TYPE SYSTEM - 20260924\SPOT_CHECK_V10F_ON_A_READER_W0220_20260924\02_INPUT_ONE_FILE_PER_PAGE\G07_WRITINGS_NOT_LYRICS_PAGE_02_OF_04_V10F_W0220.json","7","14","8","28","1857","1866"
"G07_WRITINGS_NOT_LYRICS_PAGE_02_OF_04_V10F_W0220","C:\ITEM TYPE SYSTEM - 20260924\SPOT_CHECK_V10F_ON_A_READER_W0220_20260924\02_INPUT_ONE_FILE_PER_PAGE\G07_WRITINGS_NOT_LYRICS_PAGE_02_OF_04_V10F_W0220.json","15","21","7","24","1867","1878"
"G07_WRITINGS_NOT_LYRICS_PAGE_02_OF_04_V10F_W0220","C:\ITEM TYPE SYSTEM - 20260924\SPOT_CHECK_V10F_ON_A_READER_W0220_20260924\02_INPUT_ONE_FILE_PER_PAGE\G07_WRITINGS_NOT_LYRICS_PAGE_02_OF_04_V10F_W0220.json","22","24","3","25","1879","1881"
"G07_WRITINGS_NOT_LYRICS_PAGE_02_OF_04_V10F_W0220","C:\ITEM TYPE SYSTEM - 20260924\SPOT_CHECK_V10F_ON_A_READER_W0220_20260924\02_INPUT_ONE_FILE_PER_PAGE\G07_WRITINGS_NOT_LYRICS_PAGE_02_OF_04_V10F_W0220.json","25","30","6","26","1882","1983"
"G07_WRITINGS_NOT_LYRICS_PAGE_03_OF_04_V10F_W0220","C:\ITEM TYPE SYSTEM - 20260924\SPOT_CHECK_V10F_ON_A_READER_W0220_20260924\02_INPUT_ONE_FILE_PER_PAGE\G07_WRITINGS_NOT_LYRICS_PAGE_03_OF_04_V10F_W0220.json","1","10","10","21","2004","1511"
"G07_WRITINGS_NOT_LYRICS_PAGE_03_OF_04_V10F_W0220","C:\ITEM TYPE SYSTEM - 20260924\SPOT_CHECK_V10F_ON_A_READER_W0220_20260924\02_INPUT_ONE_FILE_PER_PAGE\G07_WRITINGS_NOT_LYRICS_PAGE_03_OF_04_V10F_W0220.json","11","19","9","24","1547","1729"
"G07_WRITINGS_NOT_LYRICS_PAGE_03_OF_04_V10F_W0220","C:\ITEM TYPE SYSTEM - 20260924\SPOT_CHECK_V10F_ON_A_READER_W0220_20260924\02_INPUT_ONE_FILE_PER_PAGE\G07_WRITINGS_NOT_LYRICS_PAGE_03_OF_04_V10F_W0220.json","20","25","6","27","1746","1844"
"G07_WRITINGS_NOT_LYRICS_PAGE_03_OF_04_V10F_W0220","C:\ITEM TYPE SYSTEM - 20260924\SPOT_CHECK_V10F_ON_A_READER_W0220_20260924\02_INPUT_ONE_FILE_PER_PAGE\G07_WRITINGS_NOT_LYRICS_PAGE_03_OF_04_V10F_W0220.json","26","30","5","17","1847","1892"
"G07_WRITINGS_NOT_LYRICS_PAGE_04_OF_04_V10F_W0220","C:\ITEM TYPE SYSTEM - 20260924\SPOT_CHECK_V10F_ON_A_READER_W0220_20260924\02_INPUT_ONE_FILE_PER_PAGE\G07_WRITINGS_NOT_LYRICS_PAGE_04_OF_04_V10F_W0220.json","1","8","8","20","1893","1997"
"G07_WRITINGS_NOT_LYRICS_PAGE_04_OF_04_V10F_W0220","C:\ITEM TYPE SYSTEM - 20260924\SPOT_CHECK_V10F_ON_A_READER_W0220_20260924\02_INPUT_ONE_FILE_PER_PAGE\G07_WRITINGS_NOT_LYRICS_PAGE_04_OF_04_V10F_W0220.json","9","12","4","26","1819","1532"
"G07_WRITINGS_NOT_LYRICS_PAGE_04_OF_04_V10F_W0220","C:\ITEM TYPE SYSTEM - 20260924\SPOT_CHECK_V10F_ON_A_READER_W0220_20260924\02_INPUT_ONE_FILE_PER_PAGE\G07_WRITINGS_NOT_LYRICS_PAGE_04_OF_04_V10F_W0220.json","13","13","1","36","1816","1816"
"G07_WRITINGS_NOT_LYRICS_PAGE_04_OF_04_V10F_W0220","C:\ITEM TYPE SYSTEM - 20260924\SPOT_CHECK_V10F_ON_A_READER_W0220_20260924\02_INPUT_ONE_FILE_PER_PAGE\G07_WRITINGS_NOT_LYRICS_PAGE_04_OF_04_V10F_W0220.json","14","21","8","17","1817","1583"
"G08_ART_BY_TOM_PAGE_01_OF_01_V10F_W0220","C:\ITEM TYPE SYSTEM - 20260924\SPOT_CHECK_V10F_ON_A_READER_W0220_20260924\02_INPUT_ONE_FILE_PER_PAGE\G08_ART_BY_TOM_PAGE_01_OF_01_V10F_W0220.json","1","10","10","15","263","1622"
"G08_ART_BY_TOM_PAGE_01_OF_01_V10F_W0220","C:\ITEM TYPE SYSTEM - 20260924\SPOT_CHECK_V10F_ON_A_READER_W0220_20260924\02_INPUT_ONE_FILE_PER_PAGE\G08_ART_BY_TOM_PAGE_01_OF_01_V10F_W0220.json","11","16","6","8","1623","1901"
"G09_LIFE_STAGE_MEMORABILIA_PAGE_01_OF_01_V10F_W0220","C:\ITEM TYPE SYSTEM - 20260924\SPOT_CHECK_V10F_ON_A_READER_W0220_20260924\02_INPUT_ONE_FILE_PER_PAGE\G09_LIFE_STAGE_MEMORABILIA_PAGE_01_OF_01_V10F_W0220.json","1","10","10","26","1548","1539"
"G09_LIFE_STAGE_MEMORABILIA_PAGE_01_OF_01_V10F_W0220","C:\ITEM TYPE SYSTEM - 20260924\SPOT_CHECK_V10F_ON_A_READER_W0220_20260924\02_INPUT_ONE_FILE_PER_PAGE\G09_LIFE_STAGE_MEMORABILIA_PAGE_01_OF_01_V10F_W0220.json","11","20","10","26","1541","1540"
"G09_LIFE_STAGE_MEMORABILIA_PAGE_01_OF_01_V10F_W0220","C:\ITEM TYPE SYSTEM - 20260924\SPOT_CHECK_V10F_ON_A_READER_W0220_20260924\02_INPUT_ONE_FILE_PER_PAGE\G09_LIFE_STAGE_MEMORABILIA_PAGE_01_OF_01_V10F_W0220.json","21","23","3","6","1884","1887"
"G10_LADY_WEAVER_PAGE_01_OF_01_V10F_W0220","C:\ITEM TYPE SYSTEM - 20260924\SPOT_CHECK_V10F_ON_A_READER_W0220_20260924\02_INPUT_ONE_FILE_PER_PAGE\G10_LADY_WEAVER_PAGE_01_OF_01_V10F_W0220.json","1","3","3","22","946","1556"
"G11_BOOKS_CDs_SET_LISTS_AND_OTHER_OBJECTS_NO_HOME_IN_THE_TREE_YET_PAGE_01_OF_13_V10F_W0220","C:\ITEM TYPE SYSTEM - 20260924\SPOT_CHECK_V10F_ON_A_READER_W0220_20260924\02_INPUT_ONE_FILE_PER_PAGE\G11_BOOKS_CDs_SET_LISTS_AND_OTHER_OBJECTS_NO_HOME_IN_THE_TREE_YET_PAGE_01_OF_13_V10F_W0220.json","1","10","10","11","2023","2030"
"G11_BOOKS_CDs_SET_LISTS_AND_OTHER_OBJECTS_NO_HOME_IN_THE_TREE_YET_PAGE_01_OF_13_V10F_W0220","C:\ITEM TYPE SYSTEM - 20260924\SPOT_CHECK_V10F_ON_A_READER_W0220_20260924\02_INPUT_ONE_FILE_PER_PAGE\G11_BOOKS_CDs_SET_LISTS_AND_OTHER_OBJECTS_NO_HOME_IN_THE_TREE_YET_PAGE_01_OF_13_V10F_W0220.json","11","20","10","11","2032","2043"
"G11_BOOKS_CDs_SET_LISTS_AND_OTHER_OBJECTS_NO_HOME_IN_THE_TREE_YET_PAGE_01_OF_13_V10F_W0220","C:\ITEM TYPE SYSTEM - 20260924\SPOT_CHECK_V10F_ON_A_READER_W0220_20260924\02_INPUT_ONE_FILE_PER_PAGE\G11_BOOKS_CDs_SET_LISTS_AND_OTHER_OBJECTS_NO_HOME_IN_THE_TREE_YET_PAGE_01_OF_13_V10F_W0220.json","21","30","10","10","2036","1577"
"G11_BOOKS_CDs_SET_LISTS_AND_OTHER_OBJECTS_NO_HOME_IN_THE_TREE_YET_PAGE_02_OF_13_V10F_W0220_WITH_1558_QUAD_WIDE","C:\ITEM TYPE SYSTEM - 20260924\SPOT_CHECK_V10F_ON_A_READER_W0220_20260924\02_INPUT_ONE_FILE_PER_PAGE\G11_BOOKS_CDs_SET_LISTS_AND_OTHER_OBJECTS_NO_HOME_IN_THE_TREE_YET_PAGE_02_OF_13_V10F_W0220_WITH_1558_QUAD_WIDE.json","1","6","6","29","1578","1602"
"G11_BOOKS_CDs_SET_LISTS_AND_OTHER_OBJECTS_NO_HOME_IN_THE_TREE_YET_PAGE_02_OF_13_V10F_W0220_WITH_1558_QUAD_WIDE","C:\ITEM TYPE SYSTEM - 20260924\SPOT_CHECK_V10F_ON_A_READER_W0220_20260924\02_INPUT_ONE_FILE_PER_PAGE\G11_BOOKS_CDs_SET_LISTS_AND_OTHER_OBJECTS_NO_HOME_IN_THE_TREE_YET_PAGE_02_OF_13_V10F_W0220_WITH_1558_QUAD_WIDE.json","7","13","7","12","1597","1105"
"G11_BOOKS_CDs_SET_LISTS_AND_OTHER_OBJECTS_NO_HOME_IN_THE_TREE_YET_PAGE_02_OF_13_V10F_W0220_WITH_1558_QUAD_WIDE","C:\ITEM TYPE SYSTEM - 20260924\SPOT_CHECK_V10F_ON_A_READER_W0220_20260924\02_INPUT_ONE_FILE_PER_PAGE\G11_BOOKS_CDs_SET_LISTS_AND_OTHER_OBJECTS_NO_HOME_IN_THE_TREE_YET_PAGE_02_OF_13_V10F_W0220_WITH_1558_QUAD_WIDE.json","14","14","1","41","1558","1558"
"G11_BOOKS_CDs_SET_LISTS_AND_OTHER_OBJECTS_NO_HOME_IN_THE_TREE_YET_PAGE_02_OF_13_V10F_W0220_WITH_1558_QUAD_WIDE","C:\ITEM TYPE SYSTEM - 20260924\SPOT_CHECK_V10F_ON_A_READER_W0220_20260924\02_INPUT_ONE_FILE_PER_PAGE\G11_BOOKS_CDs_SET_LISTS_AND_OTHER_OBJECTS_NO_HOME_IN_THE_TREE_YET_PAGE_02_OF_13_V10F_W0220_WITH_1558_QUAD_WIDE.json","15","18","4","29","1559","1091"
"G11_BOOKS_CDs_SET_LISTS_AND_OTHER_OBJECTS_NO_HOME_IN_THE_TREE_YET_PAGE_02_OF_13_V10F_W0220_WITH_1558_QUAD_WIDE","C:\ITEM TYPE SYSTEM - 20260924\SPOT_CHECK_V10F_ON_A_READER_W0220_20260924\02_INPUT_ONE_FILE_PER_PAGE\G11_BOOKS_CDs_SET_LISTS_AND_OTHER_OBJECTS_NO_HOME_IN_THE_TREE_YET_PAGE_02_OF_13_V10F_W0220_WITH_1558_QUAD_WIDE.json","19","28","10","18","1752","1779"
"G11_BOOKS_CDs_SET_LISTS_AND_OTHER_OBJECTS_NO_HOME_IN_THE_TREE_YET_PAGE_02_OF_13_V10F_W0220_WITH_1558_QUAD_WIDE","C:\ITEM TYPE SYSTEM - 20260924\SPOT_CHECK_V10F_ON_A_READER_W0220_20260924\02_INPUT_ONE_FILE_PER_PAGE\G11_BOOKS_CDs_SET_LISTS_AND_OTHER_OBJECTS_NO_HOME_IN_THE_TREE_YET_PAGE_02_OF_13_V10F_W0220_WITH_1558_QUAD_WIDE.json","29","30","2","2","1780","1781"
"G11_BOOKS_CDs_SET_LISTS_AND_OTHER_OBJECTS_NO_HOME_IN_THE_TREE_YET_PAGE_03_OF_13_V10F_W0220","C:\ITEM TYPE SYSTEM - 20260924\SPOT_CHECK_V10F_ON_A_READER_W0220_20260924\02_INPUT_ONE_FILE_PER_PAGE\G11_BOOKS_CDs_SET_LISTS_AND_OTHER_OBJECTS_NO_HOME_IN_THE_TREE_YET_PAGE_03_OF_13_V10F_W0220.json","1","6","6","25","1782","1659"
"G11_BOOKS_CDs_SET_LISTS_AND_OTHER_OBJECTS_NO_HOME_IN_THE_TREE_YET_PAGE_03_OF_13_V10F_W0220","C:\ITEM TYPE SYSTEM - 20260924\SPOT_CHECK_V10F_ON_A_READER_W0220_20260924\02_INPUT_ONE_FILE_PER_PAGE\G11_BOOKS_CDs_SET_LISTS_AND_OTHER_OBJECTS_NO_HOME_IN_THE_TREE_YET_PAGE_03_OF_13_V10F_W0220.json","7","15","9","29","1586","1902"
"G11_BOOKS_CDs_SET_LISTS_AND_OTHER_OBJECTS_NO_HOME_IN_THE_TREE_YET_PAGE_03_OF_13_V10F_W0220","C:\ITEM TYPE SYSTEM - 20260924\SPOT_CHECK_V10F_ON_A_READER_W0220_20260924\02_INPUT_ONE_FILE_PER_PAGE\G11_BOOKS_CDs_SET_LISTS_AND_OTHER_OBJECTS_NO_HOME_IN_THE_TREE_YET_PAGE_03_OF_13_V10F_W0220.json","16","25","10","23","2002","1573"
"G11_BOOKS_CDs_SET_LISTS_AND_OTHER_OBJECTS_NO_HOME_IN_THE_TREE_YET_PAGE_03_OF_13_V10F_W0220","C:\ITEM TYPE SYSTEM - 20260924\SPOT_CHECK_V10F_ON_A_READER_W0220_20260924\02_INPUT_ONE_FILE_PER_PAGE\G11_BOOKS_CDs_SET_LISTS_AND_OTHER_OBJECTS_NO_HOME_IN_THE_TREE_YET_PAGE_03_OF_13_V10F_W0220.json","26","30","5","5","1580","1783"
"G11_BOOKS_CDs_SET_LISTS_AND_OTHER_OBJECTS_NO_HOME_IN_THE_TREE_YET_PAGE_04_OF_13_V10F_W0220","C:\ITEM TYPE SYSTEM - 20260924\SPOT_CHECK_V10F_ON_A_READER_W0220_20260924\02_INPUT_ONE_FILE_PER_PAGE\G11_BOOKS_CDs_SET_LISTS_AND_OTHER_OBJECTS_NO_HOME_IN_THE_TREE_YET_PAGE_04_OF_13_V10F_W0220.json","1","10","10","10","1794","1787"
"G11_BOOKS_CDs_SET_LISTS_AND_OTHER_OBJECTS_NO_HOME_IN_THE_TREE_YET_PAGE_04_OF_13_V10F_W0220","C:\ITEM TYPE SYSTEM - 20260924\SPOT_CHECK_V10F_ON_A_READER_W0220_20260924\02_INPUT_ONE_FILE_PER_PAGE\G11_BOOKS_CDs_SET_LISTS_AND_OTHER_OBJECTS_NO_HOME_IN_THE_TREE_YET_PAGE_04_OF_13_V10F_W0220.json","11","19","9","30","1791","1743"
"G11_BOOKS_CDs_SET_LISTS_AND_OTHER_OBJECTS_NO_HOME_IN_THE_TREE_YET_PAGE_04_OF_13_V10F_W0220","C:\ITEM TYPE SYSTEM - 20260924\SPOT_CHECK_V10F_ON_A_READER_W0220_20260924\02_INPUT_ONE_FILE_PER_PAGE\G11_BOOKS_CDs_SET_LISTS_AND_OTHER_OBJECTS_NO_HOME_IN_THE_TREE_YET_PAGE_04_OF_13_V10F_W0220.json","20","29","10","29","1744","1943"
"G11_BOOKS_CDs_SET_LISTS_AND_OTHER_OBJECTS_NO_HOME_IN_THE_TREE_YET_PAGE_04_OF_13_V10F_W0220","C:\ITEM TYPE SYSTEM - 20260924\SPOT_CHECK_V10F_ON_A_READER_W0220_20260924\02_INPUT_ONE_FILE_PER_PAGE\G11_BOOKS_CDs_SET_LISTS_AND_OTHER_OBJECTS_NO_HOME_IN_THE_TREE_YET_PAGE_04_OF_13_V10F_W0220.json","30","30","1","10","1944","1944"
"G11_BOOKS_CDs_SET_LISTS_AND_OTHER_OBJECTS_NO_HOME_IN_THE_TREE_YET_PAGE_05_OF_13_V10F_W0220","C:\ITEM TYPE SYSTEM - 20260924\SPOT_CHECK_V10F_ON_A_READER_W0220_20260924\02_INPUT_ONE_FILE_PER_PAGE\G11_BOOKS_CDs_SET_LISTS_AND_OTHER_OBJECTS_NO_HOME_IN_THE_TREE_YET_PAGE_05_OF_13_V10F_W0220.json","1","10","10","13","469","1912"
"G11_BOOKS_CDs_SET_LISTS_AND_OTHER_OBJECTS_NO_HOME_IN_THE_TREE_YET_PAGE_05_OF_13_V10F_W0220","C:\ITEM TYPE SYSTEM - 20260924\SPOT_CHECK_V10F_ON_A_READER_W0220_20260924\02_INPUT_ONE_FILE_PER_PAGE\G11_BOOKS_CDs_SET_LISTS_AND_OTHER_OBJECTS_NO_HOME_IN_THE_TREE_YET_PAGE_05_OF_13_V10F_W0220.json","11","20","10","27","1923","1922"
"G11_BOOKS_CDs_SET_LISTS_AND_OTHER_OBJECTS_NO_HOME_IN_THE_TREE_YET_PAGE_05_OF_13_V10F_W0220","C:\ITEM TYPE SYSTEM - 20260924\SPOT_CHECK_V10F_ON_A_READER_W0220_20260924\02_INPUT_ONE_FILE_PER_PAGE\G11_BOOKS_CDs_SET_LISTS_AND_OTHER_OBJECTS_NO_HOME_IN_THE_TREE_YET_PAGE_05_OF_13_V10F_W0220.json","21","30","10","27","1610","1553"
"G11_BOOKS_CDs_SET_LISTS_AND_OTHER_OBJECTS_NO_HOME_IN_THE_TREE_YET_PAGE_06_OF_13_V10F_W0220","C:\ITEM TYPE SYSTEM - 20260924\SPOT_CHECK_V10F_ON_A_READER_W0220_20260924\02_INPUT_ONE_FILE_PER_PAGE\G11_BOOKS_CDs_SET_LISTS_AND_OTHER_OBJECTS_NO_HOME_IN_THE_TREE_YET_PAGE_06_OF_13_V10F_W0220.json","1","5","5","28","1726","971"
"G11_BOOKS_CDs_SET_LISTS_AND_OTHER_OBJECTS_NO_HOME_IN_THE_TREE_YET_PAGE_06_OF_13_V10F_W0220","C:\ITEM TYPE SYSTEM - 20260924\SPOT_CHECK_V10F_ON_A_READER_W0220_20260924\02_INPUT_ONE_FILE_PER_PAGE\G11_BOOKS_CDs_SET_LISTS_AND_OTHER_OBJECTS_NO_HOME_IN_THE_TREE_YET_PAGE_06_OF_13_V10F_W0220.json","6","8","3","11","1641","1956"
"G11_BOOKS_CDs_SET_LISTS_AND_OTHER_OBJECTS_NO_HOME_IN_THE_TREE_YET_PAGE_06_OF_13_V10F_W0220","C:\ITEM TYPE SYSTEM - 20260924\SPOT_CHECK_V10F_ON_A_READER_W0220_20260924\02_INPUT_ONE_FILE_PER_PAGE\G11_BOOKS_CDs_SET_LISTS_AND_OTHER_OBJECTS_NO_HOME_IN_THE_TREE_YET_PAGE_06_OF_13_V10F_W0220.json","9","9","1","65","1562","1562"
"G11_BOOKS_CDs_SET_LISTS_AND_OTHER_OBJECTS_NO_HOME_IN_THE_TREE_YET_PAGE_06_OF_13_V10F_W0220","C:\ITEM TYPE SYSTEM - 20260924\SPOT_CHECK_V10F_ON_A_READER_W0220_20260924\02_INPUT_ONE_FILE_PER_PAGE\G11_BOOKS_CDs_SET_LISTS_AND_OTHER_OBJECTS_NO_HOME_IN_THE_TREE_YET_PAGE_06_OF_13_V10F_W0220.json","10","15","6","27","1509","1653"
"G11_BOOKS_CDs_SET_LISTS_AND_OTHER_OBJECTS_NO_HOME_IN_THE_TREE_YET_PAGE_06_OF_13_V10F_W0220","C:\ITEM TYPE SYSTEM - 20260924\SPOT_CHECK_V10F_ON_A_READER_W0220_20260924\02_INPUT_ONE_FILE_PER_PAGE\G11_BOOKS_CDs_SET_LISTS_AND_OTHER_OBJECTS_NO_HOME_IN_THE_TREE_YET_PAGE_06_OF_13_V10F_W0220.json","16","24","9","25","1898","1891"
"G11_BOOKS_CDs_SET_LISTS_AND_OTHER_OBJECTS_NO_HOME_IN_THE_TREE_YET_PAGE_06_OF_13_V10F_W0220","C:\ITEM TYPE SYSTEM - 20260924\SPOT_CHECK_V10F_ON_A_READER_W0220_20260924\02_INPUT_ONE_FILE_PER_PAGE\G11_BOOKS_CDs_SET_LISTS_AND_OTHER_OBJECTS_NO_HOME_IN_THE_TREE_YET_PAGE_06_OF_13_V10F_W0220.json","25","30","6","25","1951","1721"
"G11_BOOKS_CDs_SET_LISTS_AND_OTHER_OBJECTS_NO_HOME_IN_THE_TREE_YET_PAGE_07_OF_13_V10F_W0220","C:\ITEM TYPE SYSTEM - 20260924\SPOT_CHECK_V10F_ON_A_READER_W0220_20260924\02_INPUT_ONE_FILE_PER_PAGE\G11_BOOKS_CDs_SET_LISTS_AND_OTHER_OBJECTS_NO_HOME_IN_THE_TREE_YET_PAGE_07_OF_13_V10F_W0220.json","1","6","6","28","1639","1757"
"G11_BOOKS_CDs_SET_LISTS_AND_OTHER_OBJECTS_NO_HOME_IN_THE_TREE_YET_PAGE_07_OF_13_V10F_W0220","C:\ITEM TYPE SYSTEM - 20260924\SPOT_CHECK_V10F_ON_A_READER_W0220_20260924\02_INPUT_ONE_FILE_PER_PAGE\G11_BOOKS_CDs_SET_LISTS_AND_OTHER_OBJECTS_NO_HOME_IN_THE_TREE_YET_PAGE_07_OF_13_V10F_W0220.json","7","11","5","29","1955","1106"
"G11_BOOKS_CDs_SET_LISTS_AND_OTHER_OBJECTS_NO_HOME_IN_THE_TREE_YET_PAGE_07_OF_13_V10F_W0220","C:\ITEM TYPE SYSTEM - 20260924\SPOT_CHECK_V10F_ON_A_READER_W0220_20260924\02_INPUT_ONE_FILE_PER_PAGE\G11_BOOKS_CDs_SET_LISTS_AND_OTHER_OBJECTS_NO_HOME_IN_THE_TREE_YET_PAGE_07_OF_13_V10F_W0220.json","12","16","5","30","1811","1090"
"G11_BOOKS_CDs_SET_LISTS_AND_OTHER_OBJECTS_NO_HOME_IN_THE_TREE_YET_PAGE_07_OF_13_V10F_W0220","C:\ITEM TYPE SYSTEM - 20260924\SPOT_CHECK_V10F_ON_A_READER_W0220_20260924\02_INPUT_ONE_FILE_PER_PAGE\G11_BOOKS_CDs_SET_LISTS_AND_OTHER_OBJECTS_NO_HOME_IN_THE_TREE_YET_PAGE_07_OF_13_V10F_W0220.json","17","23","7","30","1657","1084"
"G11_BOOKS_CDs_SET_LISTS_AND_OTHER_OBJECTS_NO_HOME_IN_THE_TREE_YET_PAGE_07_OF_13_V10F_W0220","C:\ITEM TYPE SYSTEM - 20260924\SPOT_CHECK_V10F_ON_A_READER_W0220_20260924\02_INPUT_ONE_FILE_PER_PAGE\G11_BOOKS_CDs_SET_LISTS_AND_OTHER_OBJECTS_NO_HOME_IN_THE_TREE_YET_PAGE_07_OF_13_V10F_W0220.json","24","27","4","23","1088","1564"
"G11_BOOKS_CDs_SET_LISTS_AND_OTHER_OBJECTS_NO_HOME_IN_THE_TREE_YET_PAGE_07_OF_13_V10F_W0220","C:\ITEM TYPE SYSTEM - 20260924\SPOT_CHECK_V10F_ON_A_READER_W0220_20260924\02_INPUT_ONE_FILE_PER_PAGE\G11_BOOKS_CDs_SET_LISTS_AND_OTHER_OBJECTS_NO_HOME_IN_THE_TREE_YET_PAGE_07_OF_13_V10F_W0220.json","28","30","3","24","1658","1661"
"G11_BOOKS_CDs_SET_LISTS_AND_OTHER_OBJECTS_NO_HOME_IN_THE_TREE_YET_PAGE_08_OF_13_V10F_W0220","C:\ITEM TYPE SYSTEM - 20260924\SPOT_CHECK_V10F_ON_A_READER_W0220_20260924\02_INPUT_ONE_FILE_PER_PAGE\G11_BOOKS_CDs_SET_LISTS_AND_OTHER_OBJECTS_NO_HOME_IN_THE_TREE_YET_PAGE_08_OF_13_V10F_W0220.json","1","10","10","10","1662","1671"
"G11_BOOKS_CDs_SET_LISTS_AND_OTHER_OBJECTS_NO_HOME_IN_THE_TREE_YET_PAGE_08_OF_13_V10F_W0220","C:\ITEM TYPE SYSTEM - 20260924\SPOT_CHECK_V10F_ON_A_READER_W0220_20260924\02_INPUT_ONE_FILE_PER_PAGE\G11_BOOKS_CDs_SET_LISTS_AND_OTHER_OBJECTS_NO_HOME_IN_THE_TREE_YET_PAGE_08_OF_13_V10F_W0220.json","11","20","10","10","1672","1681"
"G11_BOOKS_CDs_SET_LISTS_AND_OTHER_OBJECTS_NO_HOME_IN_THE_TREE_YET_PAGE_08_OF_13_V10F_W0220","C:\ITEM TYPE SYSTEM - 20260924\SPOT_CHECK_V10F_ON_A_READER_W0220_20260924\02_INPUT_ONE_FILE_PER_PAGE\G11_BOOKS_CDs_SET_LISTS_AND_OTHER_OBJECTS_NO_HOME_IN_THE_TREE_YET_PAGE_08_OF_13_V10F_W0220.json","21","30","10","10","1682","1691"
"G11_BOOKS_CDs_SET_LISTS_AND_OTHER_OBJECTS_NO_HOME_IN_THE_TREE_YET_PAGE_09_OF_13_V10F_W0220","C:\ITEM TYPE SYSTEM - 20260924\SPOT_CHECK_V10F_ON_A_READER_W0220_20260924\02_INPUT_ONE_FILE_PER_PAGE\G11_BOOKS_CDs_SET_LISTS_AND_OTHER_OBJECTS_NO_HOME_IN_THE_TREE_YET_PAGE_09_OF_13_V10F_W0220.json","1","10","10","10","1692","1701"
"G11_BOOKS_CDs_SET_LISTS_AND_OTHER_OBJECTS_NO_HOME_IN_THE_TREE_YET_PAGE_09_OF_13_V10F_W0220","C:\ITEM TYPE SYSTEM - 20260924\SPOT_CHECK_V10F_ON_A_READER_W0220_20260924\02_INPUT_ONE_FILE_PER_PAGE\G11_BOOKS_CDs_SET_LISTS_AND_OTHER_OBJECTS_NO_HOME_IN_THE_TREE_YET_PAGE_09_OF_13_V10F_W0220.json","11","20","10","10","1702","1711"
"G11_BOOKS_CDs_SET_LISTS_AND_OTHER_OBJECTS_NO_HOME_IN_THE_TREE_YET_PAGE_09_OF_13_V10F_W0220","C:\ITEM TYPE SYSTEM - 20260924\SPOT_CHECK_V10F_ON_A_READER_W0220_20260924\02_INPUT_ONE_FILE_PER_PAGE\G11_BOOKS_CDs_SET_LISTS_AND_OTHER_OBJECTS_NO_HOME_IN_THE_TREE_YET_PAGE_09_OF_13_V10F_W0220.json","21","30","10","10","1712","1800"
"G11_BOOKS_CDs_SET_LISTS_AND_OTHER_OBJECTS_NO_HOME_IN_THE_TREE_YET_PAGE_10_OF_13_V10F_W0220","C:\ITEM TYPE SYSTEM - 20260924\SPOT_CHECK_V10F_ON_A_READER_W0220_20260924\02_INPUT_ONE_FILE_PER_PAGE\G11_BOOKS_CDs_SET_LISTS_AND_OTHER_OBJECTS_NO_HOME_IN_THE_TREE_YET_PAGE_10_OF_13_V10F_W0220.json","1","10","10","11","1801","1085"
"G11_BOOKS_CDs_SET_LISTS_AND_OTHER_OBJECTS_NO_HOME_IN_THE_TREE_YET_PAGE_10_OF_13_V10F_W0220","C:\ITEM TYPE SYSTEM - 20260924\SPOT_CHECK_V10F_ON_A_READER_W0220_20260924\02_INPUT_ONE_FILE_PER_PAGE\G11_BOOKS_CDs_SET_LISTS_AND_OTHER_OBJECTS_NO_HOME_IN_THE_TREE_YET_PAGE_10_OF_13_V10F_W0220.json","11","20","10","18","904","1359"
"G11_BOOKS_CDs_SET_LISTS_AND_OTHER_OBJECTS_NO_HOME_IN_THE_TREE_YET_PAGE_10_OF_13_V10F_W0220","C:\ITEM TYPE SYSTEM - 20260924\SPOT_CHECK_V10F_ON_A_READER_W0220_20260924\02_INPUT_ONE_FILE_PER_PAGE\G11_BOOKS_CDs_SET_LISTS_AND_OTHER_OBJECTS_NO_HOME_IN_THE_TREE_YET_PAGE_10_OF_13_V10F_W0220.json","21","23","3","23","1740","1567"
"G11_BOOKS_CDs_SET_LISTS_AND_OTHER_OBJECTS_NO_HOME_IN_THE_TREE_YET_PAGE_10_OF_13_V10F_W0220","C:\ITEM TYPE SYSTEM - 20260924\SPOT_CHECK_V10F_ON_A_READER_W0220_20260924\02_INPUT_ONE_FILE_PER_PAGE\G11_BOOKS_CDs_SET_LISTS_AND_OTHER_OBJECTS_NO_HOME_IN_THE_TREE_YET_PAGE_10_OF_13_V10F_W0220.json","24","25","2","15","1642","1644"
"G11_BOOKS_CDs_SET_LISTS_AND_OTHER_OBJECTS_NO_HOME_IN_THE_TREE_YET_PAGE_10_OF_13_V10F_W0220","C:\ITEM TYPE SYSTEM - 20260924\SPOT_CHECK_V10F_ON_A_READER_W0220_20260924\02_INPUT_ONE_FILE_PER_PAGE\G11_BOOKS_CDs_SET_LISTS_AND_OTHER_OBJECTS_NO_HOME_IN_THE_TREE_YET_PAGE_10_OF_13_V10F_W0220.json","26","26","1","17","1722","1722"
"G11_BOOKS_CDs_SET_LISTS_AND_OTHER_OBJECTS_NO_HOME_IN_THE_TREE_YET_PAGE_10_OF_13_V10F_W0220","C:\ITEM TYPE SYSTEM - 20260924\SPOT_CHECK_V10F_ON_A_READER_W0220_20260924\02_INPUT_ONE_FILE_PER_PAGE\G11_BOOKS_CDs_SET_LISTS_AND_OTHER_OBJECTS_NO_HOME_IN_THE_TREE_YET_PAGE_10_OF_13_V10F_W0220.json","27","29","3","29","1723","1846"
"G11_BOOKS_CDs_SET_LISTS_AND_OTHER_OBJECTS_NO_HOME_IN_THE_TREE_YET_PAGE_10_OF_13_V10F_W0220","C:\ITEM TYPE SYSTEM - 20260924\SPOT_CHECK_V10F_ON_A_READER_W0220_20260924\02_INPUT_ONE_FILE_PER_PAGE\G11_BOOKS_CDs_SET_LISTS_AND_OTHER_OBJECTS_NO_HOME_IN_THE_TREE_YET_PAGE_10_OF_13_V10F_W0220.json","30","30","1","6","1963","1963"
"G11_BOOKS_CDs_SET_LISTS_AND_OTHER_OBJECTS_NO_HOME_IN_THE_TREE_YET_PAGE_11_OF_13_V10F_W0220","C:\ITEM TYPE SYSTEM - 20260924\SPOT_CHECK_V10F_ON_A_READER_W0220_20260924\02_INPUT_ONE_FILE_PER_PAGE\G11_BOOKS_CDs_SET_LISTS_AND_OTHER_OBJECTS_NO_HOME_IN_THE_TREE_YET_PAGE_11_OF_13_V10F_W0220.json","1","3","3","23","1632","1633"
"G11_BOOKS_CDs_SET_LISTS_AND_OTHER_OBJECTS_NO_HOME_IN_THE_TREE_YET_PAGE_11_OF_13_V10F_W0220","C:\ITEM TYPE SYSTEM - 20260924\SPOT_CHECK_V10F_ON_A_READER_W0220_20260924\02_INPUT_ONE_FILE_PER_PAGE\G11_BOOKS_CDs_SET_LISTS_AND_OTHER_OBJECTS_NO_HOME_IN_THE_TREE_YET_PAGE_11_OF_13_V10F_W0220.json","4","6","3","30","1742","1635"
"G11_BOOKS_CDs_SET_LISTS_AND_OTHER_OBJECTS_NO_HOME_IN_THE_TREE_YET_PAGE_11_OF_13_V10F_W0220","C:\ITEM TYPE SYSTEM - 20260924\SPOT_CHECK_V10F_ON_A_READER_W0220_20260924\02_INPUT_ONE_FILE_PER_PAGE\G11_BOOKS_CDs_SET_LISTS_AND_OTHER_OBJECTS_NO_HOME_IN_THE_TREE_YET_PAGE_11_OF_13_V10F_W0220.json","7","9","3","23","2028","1931"
"G11_BOOKS_CDs_SET_LISTS_AND_OTHER_OBJECTS_NO_HOME_IN_THE_TREE_YET_PAGE_11_OF_13_V10F_W0220","C:\ITEM TYPE SYSTEM - 20260924\SPOT_CHECK_V10F_ON_A_READER_W0220_20260924\02_INPUT_ONE_FILE_PER_PAGE\G11_BOOKS_CDs_SET_LISTS_AND_OTHER_OBJECTS_NO_HOME_IN_THE_TREE_YET_PAGE_11_OF_13_V10F_W0220.json","10","15","6","29","1965","868"
"G11_BOOKS_CDs_SET_LISTS_AND_OTHER_OBJECTS_NO_HOME_IN_THE_TREE_YET_PAGE_11_OF_13_V10F_W0220","C:\ITEM TYPE SYSTEM - 20260924\SPOT_CHECK_V10F_ON_A_READER_W0220_20260924\02_INPUT_ONE_FILE_PER_PAGE\G11_BOOKS_CDs_SET_LISTS_AND_OTHER_OBJECTS_NO_HOME_IN_THE_TREE_YET_PAGE_11_OF_13_V10F_W0220.json","16","21","6","26","1595","1761"
"G11_BOOKS_CDs_SET_LISTS_AND_OTHER_OBJECTS_NO_HOME_IN_THE_TREE_YET_PAGE_11_OF_13_V10F_W0220","C:\ITEM TYPE SYSTEM - 20260924\SPOT_CHECK_V10F_ON_A_READER_W0220_20260924\02_INPUT_ONE_FILE_PER_PAGE\G11_BOOKS_CDs_SET_LISTS_AND_OTHER_OBJECTS_NO_HOME_IN_THE_TREE_YET_PAGE_11_OF_13_V10F_W0220.json","22","30","9","14","1760","1078"
"G11_BOOKS_CDs_SET_LISTS_AND_OTHER_OBJECTS_NO_HOME_IN_THE_TREE_YET_PAGE_12_OF_13_V10F_W0220","C:\ITEM TYPE SYSTEM - 20260924\SPOT_CHECK_V10F_ON_A_READER_W0220_20260924\02_INPUT_ONE_FILE_PER_PAGE\G11_BOOKS_CDs_SET_LISTS_AND_OTHER_OBJECTS_NO_HOME_IN_THE_TREE_YET_PAGE_12_OF_13_V10F_W0220.json","1","6","6","9","632","125"
"G11_BOOKS_CDs_SET_LISTS_AND_OTHER_OBJECTS_NO_HOME_IN_THE_TREE_YET_PAGE_12_OF_13_V10F_W0220","C:\ITEM TYPE SYSTEM - 20260924\SPOT_CHECK_V10F_ON_A_READER_W0220_20260924\02_INPUT_ONE_FILE_PER_PAGE\G11_BOOKS_CDs_SET_LISTS_AND_OTHER_OBJECTS_NO_HOME_IN_THE_TREE_YET_PAGE_12_OF_13_V10F_W0220.json","7","7","1","40","1631","1631"
"G11_BOOKS_CDs_SET_LISTS_AND_OTHER_OBJECTS_NO_HOME_IN_THE_TREE_YET_PAGE_12_OF_13_V10F_W0220","C:\ITEM TYPE SYSTEM - 20260924\SPOT_CHECK_V10F_ON_A_READER_W0220_20260924\02_INPUT_ONE_FILE_PER_PAGE\G11_BOOKS_CDs_SET_LISTS_AND_OTHER_OBJECTS_NO_HOME_IN_THE_TREE_YET_PAGE_12_OF_13_V10F_W0220.json","8","9","2","17","1938","1964"
"G11_BOOKS_CDs_SET_LISTS_AND_OTHER_OBJECTS_NO_HOME_IN_THE_TREE_YET_PAGE_12_OF_13_V10F_W0220","C:\ITEM TYPE SYSTEM - 20260924\SPOT_CHECK_V10F_ON_A_READER_W0220_20260924\02_INPUT_ONE_FILE_PER_PAGE\G11_BOOKS_CDs_SET_LISTS_AND_OTHER_OBJECTS_NO_HOME_IN_THE_TREE_YET_PAGE_12_OF_13_V10F_W0220.json","10","10","1","22","1966","1966"
"G11_BOOKS_CDs_SET_LISTS_AND_OTHER_OBJECTS_NO_HOME_IN_THE_TREE_YET_PAGE_12_OF_13_V10F_W0220","C:\ITEM TYPE SYSTEM - 20260924\SPOT_CHECK_V10F_ON_A_READER_W0220_20260924\02_INPUT_ONE_FILE_PER_PAGE\G11_BOOKS_CDs_SET_LISTS_AND_OTHER_OBJECTS_NO_HOME_IN_THE_TREE_YET_PAGE_12_OF_13_V10F_W0220.json","11","12","2","20","1959","1638"
"G11_BOOKS_CDs_SET_LISTS_AND_OTHER_OBJECTS_NO_HOME_IN_THE_TREE_YET_PAGE_12_OF_13_V10F_W0220","C:\ITEM TYPE SYSTEM - 20260924\SPOT_CHECK_V10F_ON_A_READER_W0220_20260924\02_INPUT_ONE_FILE_PER_PAGE\G11_BOOKS_CDs_SET_LISTS_AND_OTHER_OBJECTS_NO_HOME_IN_THE_TREE_YET_PAGE_12_OF_13_V10F_W0220.json","13","15","3","21","1940","1741"
"G11_BOOKS_CDs_SET_LISTS_AND_OTHER_OBJECTS_NO_HOME_IN_THE_TREE_YET_PAGE_12_OF_13_V10F_W0220","C:\ITEM TYPE SYSTEM - 20260924\SPOT_CHECK_V10F_ON_A_READER_W0220_20260924\02_INPUT_ONE_FILE_PER_PAGE\G11_BOOKS_CDs_SET_LISTS_AND_OTHER_OBJECTS_NO_HOME_IN_THE_TREE_YET_PAGE_12_OF_13_V10F_W0220.json","16","16","1","53","534","534"
"G11_BOOKS_CDs_SET_LISTS_AND_OTHER_OBJECTS_NO_HOME_IN_THE_TREE_YET_PAGE_12_OF_13_V10F_W0220","C:\ITEM TYPE SYSTEM - 20260924\SPOT_CHECK_V10F_ON_A_READER_W0220_20260924\02_INPUT_ONE_FILE_PER_PAGE\G11_BOOKS_CDs_SET_LISTS_AND_OTHER_OBJECTS_NO_HOME_IN_THE_TREE_YET_PAGE_12_OF_13_V10F_W0220.json","17","18","2","20","1569","1570"
"G11_BOOKS_CDs_SET_LISTS_AND_OTHER_OBJECTS_NO_HOME_IN_THE_TREE_YET_PAGE_12_OF_13_V10F_W0220","C:\ITEM TYPE SYSTEM - 20260924\SPOT_CHECK_V10F_ON_A_READER_W0220_20260924\02_INPUT_ONE_FILE_PER_PAGE\G11_BOOKS_CDs_SET_LISTS_AND_OTHER_OBJECTS_NO_HOME_IN_THE_TREE_YET_PAGE_12_OF_13_V10F_W0220.json","19","24","6","28","1572","1092"
"G11_BOOKS_CDs_SET_LISTS_AND_OTHER_OBJECTS_NO_HOME_IN_THE_TREE_YET_PAGE_12_OF_13_V10F_W0220","C:\ITEM TYPE SYSTEM - 20260924\SPOT_CHECK_V10F_ON_A_READER_W0220_20260924\02_INPUT_ONE_FILE_PER_PAGE\G11_BOOKS_CDs_SET_LISTS_AND_OTHER_OBJECTS_NO_HOME_IN_THE_TREE_YET_PAGE_12_OF_13_V10F_W0220.json","25","29","5","23","1953","1096"
"G11_BOOKS_CDs_SET_LISTS_AND_OTHER_OBJECTS_NO_HOME_IN_THE_TREE_YET_PAGE_12_OF_13_V10F_W0220","C:\ITEM TYPE SYSTEM - 20260924\SPOT_CHECK_V10F_ON_A_READER_W0220_20260924\02_INPUT_ONE_FILE_PER_PAGE\G11_BOOKS_CDs_SET_LISTS_AND_OTHER_OBJECTS_NO_HOME_IN_THE_TREE_YET_PAGE_12_OF_13_V10F_W0220.json","30","30","1","20","1599","1599"
"G11_BOOKS_CDs_SET_LISTS_AND_OTHER_OBJECTS_NO_HOME_IN_THE_TREE_YET_PAGE_13_OF_13_V10F_W0220","C:\ITEM TYPE SYSTEM - 20260924\SPOT_CHECK_V10F_ON_A_READER_W0220_20260924\02_INPUT_ONE_FILE_PER_PAGE\G11_BOOKS_CDs_SET_LISTS_AND_OTHER_OBJECTS_NO_HOME_IN_THE_TREE_YET_PAGE_13_OF_13_V10F_W0220.json","1","10","10","28","1651","1799"
"G11_BOOKS_CDs_SET_LISTS_AND_OTHER_OBJECTS_NO_HOME_IN_THE_TREE_YET_PAGE_13_OF_13_V10F_W0220","C:\ITEM TYPE SYSTEM - 20260924\SPOT_CHECK_V10F_ON_A_READER_W0220_20260924\02_INPUT_ONE_FILE_PER_PAGE\G11_BOOKS_CDs_SET_LISTS_AND_OTHER_OBJECTS_NO_HOME_IN_THE_TREE_YET_PAGE_13_OF_13_V10F_W0220.json","11","16","6","30","1796","1967"
"G11_BOOKS_CDs_SET_LISTS_AND_OTHER_OBJECTS_NO_HOME_IN_THE_TREE_YET_PAGE_13_OF_13_V10F_W0220","C:\ITEM TYPE SYSTEM - 20260924\SPOT_CHECK_V10F_ON_A_READER_W0220_20260924\02_INPUT_ONE_FILE_PER_PAGE\G11_BOOKS_CDs_SET_LISTS_AND_OTHER_OBJECTS_NO_HOME_IN_THE_TREE_YET_PAGE_13_OF_13_V10F_W0220.json","17","19","3","28","1925","1598"
"G11_BOOKS_CDs_SET_LISTS_AND_OTHER_OBJECTS_NO_HOME_IN_THE_TREE_YET_PAGE_13_OF_13_V10F_W0220","C:\ITEM TYPE SYSTEM - 20260924\SPOT_CHECK_V10F_ON_A_READER_W0220_20260924\02_INPUT_ONE_FILE_PER_PAGE\G11_BOOKS_CDs_SET_LISTS_AND_OTHER_OBJECTS_NO_HOME_IN_THE_TREE_YET_PAGE_13_OF_13_V10F_W0220.json","20","20","1","6","1565","1565"
"G11_BOOKS_CDs_SET_LISTS_AND_OTHER_OBJECTS_NO_HOME_IN_THE_TREE_YET_PAGE_13_OF_13_V10F_W0220","C:\ITEM TYPE SYSTEM - 20260924\SPOT_CHECK_V10F_ON_A_READER_W0220_20260924\02_INPUT_ONE_FILE_PER_PAGE\G11_BOOKS_CDs_SET_LISTS_AND_OTHER_OBJECTS_NO_HOME_IN_THE_TREE_YET_PAGE_13_OF_13_V10F_W0220.json","21","21","1","32","1594","1594"
"G11_BOOKS_CDs_SET_LISTS_AND_OTHER_OBJECTS_NO_HOME_IN_THE_TREE_YET_PAGE_13_OF_13_V10F_W0220","C:\ITEM TYPE SYSTEM - 20260924\SPOT_CHECK_V10F_ON_A_READER_W0220_20260924\02_INPUT_ONE_FILE_PER_PAGE\G11_BOOKS_CDs_SET_LISTS_AND_OTHER_OBJECTS_NO_HOME_IN_THE_TREE_YET_PAGE_13_OF_13_V10F_W0220.json","22","22","1","21","1957","1957"
"G11_BOOKS_CDs_SET_LISTS_AND_OTHER_OBJECTS_NO_HOME_IN_THE_TREE_YET_PAGE_13_OF_13_V10F_W0220","C:\ITEM TYPE SYSTEM - 20260924\SPOT_CHECK_V10F_ON_A_READER_W0220_20260924\02_INPUT_ONE_FILE_PER_PAGE\G11_BOOKS_CDs_SET_LISTS_AND_OTHER_OBJECTS_NO_HOME_IN_THE_TREE_YET_PAGE_13_OF_13_V10F_W0220.json","23","25","3","22","1755","1993"
