"PAGE","CARDS","PHOTOS"
"G01_SONG_FULL_LYRICS_PAGE_01_OF_03_V10F_W0220","30","57"
"G01_SONG_FULL_LYRICS_PAGE_02_OF_03_V10F_W0220","30","59"
"G01_SONG_FULL_LYRICS_PAGE_03_OF_03_V10F_W0220","14","34"
"G02_SONG_HALF_OR_SHORTER_LYRICS_THAT_BECAME_A_SONG_PAGE_01_OF_02_V10F_W0220","30","41"
"G02_SONG_HALF_OR_SHORTER_LYRICS_THAT_BECAME_A_SONG_PAGE_02_OF_02_V10F_W0220","13","20"
"G03_POEM_IN_34_ALBUMS_PAGE_01_OF_13_V10F_W0220","30","45"
"G03_POEM_IN_34_ALBUMS_PAGE_02_OF_13_V10F_W0220","30","56"
"G03_POEM_IN_34_ALBUMS_PAGE_03_OF_13_V10F_W0220","30","53"
"G03_POEM_IN_34_ALBUMS_PAGE_04_OF_13_V10F_W0220","30","47"
"G03_POEM_IN_34_ALBUMS_PAGE_05_OF_13_V10F_W0220","30","59"
"G03_POEM_IN_34_ALBUMS_PAGE_06_OF_13_V10F_W0220","30","122"
"G03_POEM_IN_34_ALBUMS_PAGE_07_OF_13_V10F_W0220","30","56"
"G03_POEM_IN_34_ALBUMS_PAGE_08_OF_13_V10F_W0220","30","34"
"G03_POEM_IN_34_ALBUMS_PAGE_09_OF_13_V10F_W0220","30","42"
"G03_POEM_IN_34_ALBUMS_PAGE_10_OF_13_V10F_W0220","30","33"
"G03_POEM_IN_34_ALBUMS_PAGE_11_OF_13_V10F_W0220","30","32"
"G03_POEM_IN_34_ALBUMS_PAGE_12_OF_13_V10F_W0220","30","35"
"G03_POEM_IN_34_ALBUMS_PAGE_13_OF_13_V10F_W0220","23","45"
"G04_POEM_IN_POEMS_BY_TOM_PAGE_01_OF_02_V10F_W0220","30","41"
"G04_POEM_IN_POEMS_BY_TOM_PAGE_02_OF_02_V10F_W0220","19","24"
"G05_POEM_UNRELEASED_PAGE_01_OF_19_V10F_W0220","30","41"
"G05_POEM_UNRELEASED_PAGE_02_OF_19_V10F_W0220","30","47"
"G05_POEM_UNRELEASED_PAGE_03_OF_19_V10F_W0220","30","36"
"G05_POEM_UNRELEASED_PAGE_04_OF_19_V10F_W0220","30","31"
"G05_POEM_UNRELEASED_PAGE_05_OF_19_V10F_W0220","30","75"
"G05_POEM_UNRELEASED_PAGE_06_OF_19_V10F_W0220","30","35"
"G05_POEM_UNRELEASED_PAGE_07_OF_19_V10F_W0220","30","41"
"G05_POEM_UNRELEASED_PAGE_08_OF_19_V10F_W0220","30","37"
"G05_POEM_UNRELEASED_PAGE_09_OF_19_V10F_W0220","30","31"
"G05_POEM_UNRELEASED_PAGE_10_OF_19_V10F_W0220","30","33"
"G05_POEM_UNRELEASED_PAGE_11_OF_19_V10F_W0220","30","30"
"G05_POEM_UNRELEASED_PAGE_12_OF_19_V10F_W0220","30","34"
"G05_POEM_UNRELEASED_PAGE_13_OF_19_V10F_W0220","30","32"
"G05_POEM_UNRELEASED_PAGE_14_OF_19_V10F_W0220","30","30"
"G05_POEM_UNRELEASED_PAGE_15_OF_19_V10F_W0220","30","32"
"G05_POEM_UNRELEASED_PAGE_16_OF_19_V10F_W0220","30","33"
"G05_POEM_UNRELEASED_PAGE_17_OF_19_V10F_W0220","30","32"
"G05_POEM_UNRELEASED_PAGE_18_OF_19_V10F_W0220","30","33"
"G05_POEM_UNRELEASED_PAGE_19_OF_19_V10F_W0220","17","19"
"G07_WRITINGS_NOT_LYRICS_PAGE_01_OF_04_V10F_W0220","30","127"
"G07_WRITINGS_NOT_LYRICS_PAGE_02_OF_04_V10F_W0220","30","132"
"G07_WRITINGS_NOT_LYRICS_PAGE_03_OF_04_V10F_W0220","30","89"
"G07_WRITINGS_NOT_LYRICS_PAGE_04_OF_04_V10F_W0220","21","99"
"G08_ART_BY_TOM_PAGE_01_OF_01_V10F_W0220","16","23"
"G09_LIFE_STAGE_MEMORABILIA_PAGE_01_OF_01_V10F_W0220","23","58"
"G10_LADY_WEAVER_PAGE_01_OF_01_V10F_W0220","3","22"
"G11_BOOKS_CDs_SET_LISTS_AND_OTHER_OBJECTS_NO_HOME_IN_THE_TREE_YET_PAGE_01_OF_13_V10F_W0220","30","32"
"G11_BOOKS_CDs_SET_LISTS_AND_OTHER_OBJECTS_NO_HOME_IN_THE_TREE_YET_PAGE_02_OF_13_V10F_W0220_WITH_1558_QUAD_WIDE","30","131"
"G11_BOOKS_CDs_SET_LISTS_AND_OTHER_OBJECTS_NO_HOME_IN_THE_TREE_YET_PAGE_03_OF_13_V10F_W0220","30","82"
"G11_BOOKS_CDs_SET_LISTS_AND_OTHER_OBJECTS_NO_HOME_IN_THE_TREE_YET_PAGE_04_OF_13_V10F_W0220","30","79"
"G11_BOOKS_CDs_SET_LISTS_AND_OTHER_OBJECTS_NO_HOME_IN_THE_TREE_YET_PAGE_05_OF_13_V10F_W0220","30","67"
"G11_BOOKS_CDs_SET_LISTS_AND_OTHER_OBJECTS_NO_HOME_IN_THE_TREE_YET_PAGE_06_OF_13_V10F_W0220","30","181"
"G11_BOOKS_CDs_SET_LISTS_AND_OTHER_OBJECTS_NO_HOME_IN_THE_TREE_YET_PAGE_07_OF_13_V10F_W0220","30","164"
"G11_BOOKS_CDs_SET_LISTS_AND_OTHER_OBJECTS_NO_HOME_IN_THE_TREE_YET_PAGE_08_OF_13_V10F_W0220","30","30"
"G11_BOOKS_CDs_SET_LISTS_AND_OTHER_OBJECTS_NO_HOME_IN_THE_TREE_YET_PAGE_09_OF_13_V10F_W0220","30","30"
"G11_BOOKS_CDs_SET_LISTS_AND_OTHER_OBJECTS_NO_HOME_IN_THE_TREE_YET_PAGE_10_OF_13_V10F_W0220","30","119"
"G11_BOOKS_CDs_SET_LISTS_AND_OTHER_OBJECTS_NO_HOME_IN_THE_TREE_YET_PAGE_11_OF_13_V10F_W0220","30","145"
"G11_BOOKS_CDs_SET_LISTS_AND_OTHER_OBJECTS_NO_HOME_IN_THE_TREE_YET_PAGE_12_OF_13_V10F_W0220","30","273"
"G11_BOOKS_CDs_SET_LISTS_AND_OTHER_OBJECTS_NO_HOME_IN_THE_TREE_YET_PAGE_13_OF_13_V10F_W0220","25","167"
