item_number,name_on_card,page,batch_from,batch_to,NUMBER,NUMBER_NOTE,NAME,NAME_NOTE,WORDS,WORDS_NOTE,WAY_UP,WAY_UP_NOTE,READABLE,READABLE_NOTE
2023,TEN PERCENT TOM,01,01,10,OK,Cards read 2-0-2-3 bottom-to-top,OK,,OK,,FLAG,Photo is sideways (rotated 90 degrees),OK,
2027,SET LIST FIFTEEN (15),01,01,10,OK,Cards read 2-0-2-7 bottom-to-top,OK,,OK,,FLAG,Photo is sideways (rotated 90 degrees),OK,
2029,SET LIST TEN (10),01,01,10,OK,Cards read 2-0-2-9 bottom-to-top,OK,,OK,,FLAG,Photo is sideways (rotated 90 degrees),OK,
2031,SET LIST FOURTEEN,01,01,10,OK,Cards read 2-0-3-1 bottom-to-top,OK,,OK,,FLAG,Photo is sideways (rotated 90 degrees),OK,
2033,SET LIST ELEVEN,01,01,10,OK,Cards read 2-0-3-3 bottom-to-top,OK,,OK,,FLAG,Photo is sideways (rotated 90 degrees),OK,
2034,SET LIST NINE,01,01,10,OK,Cards read 2-0-3-4 bottom-to-top,OK,,OK,,FLAG,Photo is sideways (rotated 90 degrees),OK,
2024,SET LIST SIXTEEN,01,01,10,OK,"Photo 1 cards read 2-0-2-4 bottom-to-top; photo 2 shows letter cards S-a-o-a (second scroll, typed in typed_words)",OK,SET LIST SIXTEEN visible on photo 1 scroll,OK,"Photo 1 shows SET LIST SIXTEEN content; photo 2 shows SET LIST THIRTEEN content; both in typed_words",FLAG,Both photos sideways (rotated 90 degrees),OK,
2022,Song list 7,01,01,10,OK,Cards read 2-0-2-2 bottom-to-top,OK,,OK,,FLAG,Photo is sideways (rotated 90 degrees),OK,
2026,Song list 4,01,01,10,OK,Cards read 2-0-2-6 bottom-to-top,OK,,OK,,FLAG,Photo is sideways (rotated 90 degrees),OK,
2030,Song list 3,01,01,10,OK,Cards read 2-0-3-0 bottom-to-top,OK,,OK,,FLAG,Photo is sideways (rotated 90 degrees),OK,
2032,Song list 9,01,11,20,OK,Cards read 2-0-3-2 bottom-to-top; top card is slightly stylized but reads as 2,OK,,OK,,FLAG,Photo is sideways (rotated 90 degrees),OK,
2014,SET LIST,01,11,20,OK,Cards read 2-0-1-4 bottom-to-top,OK,Scroll shows 'BI RIDE OR RIDE / SET LIST',OK,,OK,,OK,
2018,SET LIST TWENTY,01,11,20,OK,Cards read 2-0-1-8 bottom-to-top,OK,,OK,,FLAG,Photo is sideways (rotated 90 degrees),OK,
2019,SET LIST EIGHT EN (18),01,11,20,OK,Cards read 2-0-1-9 bottom-to-top,OK,"Scroll reads 'SET LIST EIGHTEEN (18)'; name_on_card has unusual space 'EIGHT EN'",OK,,FLAG,Photo is sideways (rotated 90 degrees),OK,
2016,SET LIST NINETEEN,01,11,20,FLAG,"Photo 1 cards read 2-0-1-6 (OK). Photo 2 top card hard to confirm as 6 vs 7; could not clearly confirm last digit matches 2016",OK,"SET LIST NINETEEN visible in photo 2; SET LIST TWELVE visible in photo 1 (both in typed_words)",OK,"Photo 1 shows SET LIST TWELVE content; photo 2 shows SET LIST NINETEEN content; both match typed_words",OK,,OK,
2015,Song list 10,01,11,20,FLAG,"Cards show letters S-I-O-2 (per typed_words) not digits 2-0-1-5; cannot confirm number match from cards",OK,,OK,,OK,,OK,
2020,Song list 8,01,11,20,OK,Cards read 2-0-2-0 bottom-to-top,OK,,OK,,FLAG,Photo is sideways (rotated 90 degrees),OK,
2021,Song list 1,01,11,20,OK,Cards read 2-0-2-1 bottom-to-top,OK,,OK,,FLAG,Photo is sideways (rotated 90 degrees),OK,
2013,INHERENT ABSENCE,01,11,20,OK,Cards read 2-0-1-3 bottom-to-top,OK,,OK,,OK,Scroll is slightly tilted in photo but photo orientation is correct (portrait),OK,
2043,SET LIST EIGHT (8),01,11,20,OK,Cards read 2-0-4-3 bottom-to-top,OK,,OK,,FLAG,Photo is sideways (rotated 90 degrees),OK,
2036,SET LIST FIVE (5),01,21,30,OK,Cards read 2-0-3-6 bottom-to-top,OK,,OK,,FLAG,Photo is sideways (rotated 90 degrees),OK,
2035,SET LIST FOUR (4),01,21,30,OK,Cards read 2-0-3-5 bottom-to-top,OK,,OK,,FLAG,Photo is sideways (rotated 90 degrees),OK,
2045,SET LIST ONE (1),01,21,30,OK,Cards read 2-0-4-5 bottom-to-top; top card stylized but reads as 5,OK,,OK,,FLAG,Photo is sideways (rotated 90 degrees),OK,
2042,SET LIST SEVEN,01,21,30,OK,Cards read 2-0-4-2 bottom-to-top,OK,,OK,,FLAG,Photo is sideways (rotated 90 degrees),OK,
2039,SET LIST SEVENTEEN (17),01,21,30,OK,Cards read 2-0-3-9 bottom-to-top,OK,,OK,,FLAG,Photo is sideways (rotated 90 degrees),OK,
2041,SET LIST SIX (6),01,21,30,OK,Cards read 2-0-4-1 bottom-to-top,OK,,OK,,FLAG,Photo is sideways (rotated 90 degrees),OK,
2044,Where the dice and narrow,01,21,30,OK,Cards read 2-0-4-4 bottom-to-top,FLAG,"Scroll reads 'SET LIST TWO (2)' at top; name_on_card 'Where the dice and narrow' does not appear to match visible scroll title",OK,,FLAG,Photo is sideways (rotated 90 degrees),OK,
2038,Song list 5,01,21,30,OK,Cards read 2-0-3-8 bottom-to-top,OK,,OK,,FLAG,Photo is sideways (rotated 90 degrees),OK,
2037,Song list 6,01,21,30,OK,Cards read 2-0-3-7 bottom-to-top,OK,,OK,,FLAG,Photo is sideways (rotated 90 degrees),OK,
1577,A LIFETIME OF RHYME - FIRST DEMO CD-R,01,21,30,OK,Cards read 1-5-7-7 bottom-to-top; photo is upright portrait,OK,"CD label reads 'A LIFETIME OF Rhyme / First Demo / First Copy'",OK,,OK,,OK,
1578,A LIFETIME OF RHYME - FIRST DEMO CD-R,PAGE_02,01,06,OK,"Cards read 1-S-7-8 bottom-to-top; S=5 = 1578",OK,"CD label reads 'A LIFETIME OF Rhyme CD-R First Demo Second Copy'",OK,"",OK,"",OK,""
1579,A LIFETIME OF RHYME - FIRST DEMO CD-R,PAGE_02,01,06,OK,"Cards read 1-S-7-9 bottom-to-top; S=5 = 1579",OK,"CD label reads 'A LIFETIME OF Rhyme First demo third copy'",OK,"",OK,"",OK,""
1581,A LIFETIME OF RHYME - FIRST DEMO CD-R,PAGE_02,01,06,OK,"Cards read 1-S-8-1 bottom-to-top; S=5 = 1581",OK,"CD label reads 'A LIFETIME OF RHYME First Demo 5th Copy'",OK,"",OK,"",OK,""
1561,A Lifetime of Rhyme,PAGE_02,01,06,OK,"Cards read 1-S-6-1 left-to-right = 1561",OK,"Book cover reads 'A LIFETIME OF RHYME - a different poem or song for every day of the year! by Tom Jensen'",OK,"Photo 1 of 21; only cover checked",OK,"",OK,""
1652,BI ALBUM,PAGE_02,01,06,FLAG,"No photos; cannot verify number",FLAG,"No photos available",FLAG,"No photos available",FLAG,"No photos available",FLAG,"No photos available"
1602,31 ALBUM,PAGE_02,01,06,OK,"Cards read 1-6-0-2 left-to-right = 1602",OK,"Document cover shows '31 ALBUM - 120 Songs Made So Far With Lyrics For 300 More!'",OK,"Photo 1 of 5; only cover checked",OK,"",OK,""
1597,ALBUM THIRTY TWO,PAGE_02,07,13,OK,"Cards read 1-S-9-7 = 1597",FLAG,"Photo shows 'ONLY THE BEST poems & song lyrics by Tom Jensen'; name 'ALBUM THIRTY TWO' not visible",OK,"Photo 2 shows t-shirt/album layout content",FLAG,"Photo 1 sideways; photo 2 upright",OK,""
1758,A lifetime of Rhyme,PAGE_02,07,13,OK,"Cards read 1-7-5-8 left-to-right = 1758",OK,"Document header reads 'A Lifetime of Rhyme'",OK,"",OK,"",OK,""
1937,4 WATER FLESH BONE,PAGE_02,07,13,OK,"Cards read 1-9-3-7 sideways photo = 1937",OK,"",OK,"Photo 1 of 3; song list visible",FLAG,"Photo is sideways (rotated 90 degrees)",OK,""
1948,ALBUM TRACK ORDER LIST,PAGE_02,07,13,OK,"Cards read 1-9-4-8 sideways photo = 1948",OK,"",OK,"",FLAG,"Photo is sideways (rotated 90 degrees)",OK,""
2007,ANNOTATED DOCUMENT STACK,PAGE_02,07,13,OK,"Cards read 2-0-0-7 left-to-right = 2007",OK,"",OK,"Photo 1 of 2; photo 1 shows blank back",OK,"",OK,""
1605,ART,PAGE_02,07,13,OK,"Cards read 1-6-0-S = 1605",OK,"Hand-drawn tree diagram; 'ART' matches content",OK,"Tree diagram with branches labeled visible and readable",OK,"",OK,""
1105,A-Z collection pile),PAGE_02,07,13,FLAG,"Cards read 1-S-8-9 = 1589; does not match item_number 1105",OK,"Note card reads 'Some type of A-Z Collection / No holes (for 3-ring)'",OK,"Large A-Z printed collection visible",OK,"",OK,""
1558,THE PRETTY GOOD BOOK,PAGE_02,14,14,OK,"Cards read 1-S-S-8 = 1558 on spine",OK,"Book spine reads 'THE PRETTY GOOD BOOK / Songs and Poetry by Tom Jensen'",OK,"Photo 1 of 41; only photo 1 reviewed",FLAG,"Photo 1 is sideways (rotated 90 degrees)",OK,""
1559,BINDER - 'TREVOR MOORE LYRICS',PAGE_02,15,18,OK,"Cards read 1-S-S-9 = 1559",OK,"Binder cover reads 'TREVOR MOORE LYRICS'",OK,"Photo 1 of 23; only cover checked",OK,"",OK,""
1557,OUT-OF-FOCUS PHOTOGRAPH IN BINDER SLEEVE,PAGE_02,15,18,OK,"Cards read 1-S-S-7 = 1557",OK,"Photo shows large photograph in binder sleeve; out-of-focus close-up of eyes",OK,"Photo 1 of 2",OK,"",OK,""
1563,Photograph In Spiral Photo Album,PAGE_02,15,18,OK,"Cards read 1-S-6-3 = 1563",OK,"Spiral-bound album with same eye photograph on cover",OK,"Photo 1 of 2",OK,"Photo slightly blurry but upright",OK,"Photo slightly blurry but content identifiable"
1091,Shorter Lyrics & Unfinished Poems,PAGE_02,15,18,FLAG,"Photo 1: no cards visible; photo 2 cards read 1-S-8-S = 1585 not 1091",OK,"Both photos show 'shorter lyrics & unfinished poems by tom jensen'",OK,"",OK,"",OK,""
1752,BOOK THREE INDEX FINAL,PAGE_02,19,28,OK,"Cards read 1-7-5-2 left-to-right = 1752",OK,"Left document visible reads 'BOOK THREE INDEX FINAL'",OK,"Photo 1 of 3; table of contents visible",OK,"",OK,""
2008,MASTER FILE REFERENCE COLLABORHYTHM COLLABTUNES,PAGE_02,19,28,OK,"Cards read 2-0-0-8 left-to-right = 2008",OK,"Document header reads 'MASTER FILE REFERENCE COLLABORHYTHM COLLABTUNES'",OK,"Photo 1 of 7; heavily annotated",OK,"",OK,""
1545,Boston Globe Letter,PAGE_02,19,28,OK,"Cards read 1-S-4-S = 1545",OK,"Letter shows 'The Boston Globe' letterhead dated Dec. 12 2002",OK,"",OK,"",OK,""
1607,Peddling w/ permit +,PAGE_02,19,28,OK,"Cards read 1-6-0-7 left-to-right = 1607",OK,"Document labeled 'Peddling w/ permit' with t-shirt designs and storefront diagram",OK,"",OK,"",OK,""
1774,BRIANRAINSTORM SLEEVE,PAGE_02,19,28,FLAG,"Photo sideways; second card ambiguous 0 vs 7; if 7 then 1-7-7-4 OK but cannot confirm",OK,"CD sleeve shows 'BRIANRAINSTORM.COM'",OK,"",FLAG,"Photo is sideways (rotated 90 degrees)",OK,""
1775,BRIANRAINSTORM SLEEVE,PAGE_02,19,28,OK,"Cards read 1-7-7-S = 1775",OK,"CD sleeve shows 'BRIANRAINSTORM.COM'",OK,"",OK,"",OK,""
1776,BRIANRAINSTORM SLEEVE,PAGE_02,19,28,FLAG,"Second card ambiguous 0 vs 7; if 7 then 1-7-7-6 OK but cannot confirm",OK,"CD sleeve shows 'BRIANRAINSTORM.COM'",OK,"",OK,"",OK,""
1777,BRIANRAINSTORM SLEEVE,PAGE_02,19,28,FLAG,"Second card ambiguous 0 vs 7; if 7 then 1-7-7-7 OK but cannot confirm",OK,"CD sleeve shows 'BRIANRAINSTORM.COM'",OK,"",OK,"",OK,""
1778,BRIANRAINSTORM SLEEVE,PAGE_02,19,28,OK,"Cards read 1-7-7-8 bottom-to-top = 1778",OK,"CD sleeve shows 'BRIANRAINSTORM.COM'",OK,"",OK,"",OK,""
1779,BRIANRAINSTORM SLEEVE,PAGE_02,19,28,OK,"Cards read 1-7-7-9 bottom-to-top = 1779",OK,"CD sleeve shows 'BRIANRAINSTORM.COM'",OK,"",OK,"",OK,""
1780,BRIANRAINSTORM SLEEVE,PAGE_02,29,30,OK,"Cards read 1-7-8-0 left-to-right = 1780",OK,"CD sleeve shows 'BRIANRAINSTORM.COM'",OK,"",OK,"",OK,""
1781,BRIANRAINSTORM SLEEVE,PAGE_02,29,30,OK,"Cards read 1-7-8-1 bottom-to-top = 1781",OK,"CD sleeve shows 'BRIANRAINSTORM.COM'",OK,"",OK,"",OK,""
1782,BRIANRAINSTORM SLEEVE BLUE,03,01,06,OK,"Cards read 1-7-8-2 bottom-to-top",OK,"Blue CD sleeve shows BRIANRAINSTORM.COM",OK,,OK,,OK,
1093,BRIAN RAINSTORM'S SONG LYRIC BOOK red/yellow,03,01,06,FLAG,"Cards read 1-S-8-8=1588 not 1093",OK,"Red/orange book cover reads BRIAN RAINSTORM'S SONG LYRIC BOOK (130 SONGS)",OK,,OK,,OK,
1588,BRIAN RAINSTORM'S SONG LYRIC BOOK red/yellow,03,01,06,OK,"Cards read 1-S-8-8 bottom-to-top (S=5)=1588",FLAG,"Photo shows Sony CD-R disc labeled LADY Weaver; does not match name_on_card",FLAG,"Photo shows CD-R disc not lyric book",OK,,OK,
1889,WEB CAM JAMS,03,01,06,OK,"Cards read 1-8-8-9 bottom-to-top",OK,"Globe drawing shows Web Cam Jams text",OK,,FLAG,"Main paper document is upside-down in photo",OK,
1094,Cassette wall/table collection,03,01,06,FLAG,"No number cards visible in photo 1; typed_words note reads 1569",OK,"Photo shows cassette tapes matching description",OK,,FLAG,"Many cassettes upside-down in photo",OK,
1659,Cassette wall/table collection,03,01,06,OK,"Cards read 1-6-5-9 bottom-to-top UPRIGHT_FIXED",OK,"Photo shows rows of cassette tapes on shelves",OK,,OK,,OK,
1586,CD + CD-R COLLECTION,03,07,15,OK,"Cards read 1-S-8-6 left-to-right (S=5)=1586",OK,"Photo shows CHOMSKIAN POETRY / SPOKEN WORD POETRY insert",OK,,OK,,OK,
1904,A LIFETIME OF RHYME,03,07,15,OK,"Cards read 1-9-0-4 bottom-to-top",OK,"Purple sunburst CD insert shows A LIFETIME OF RHYME",OK,,FLAG,"CD insert is upside-down in photo",OK,
1906,A LIFETIME OF RHYME,03,07,15,OK,"Cards read 1-9-0-6 bottom-to-top",OK,"Purple sunburst CD insert shows A LIFETIME OF RHYME",OK,,FLAG,"CD insert is upside-down in photo",OK,
1907,A LIFETIME OF RHYME,03,07,15,OK,"Cards read 1-9-0-7 bottom-to-top UPRIGHT_FIXED",OK,"White sheet shows A LIFETIME OF RHYME / MUSIC & VOCALS by Klaus Bluetner / LYRICS by Tom Jensen",OK,,OK,,OK,
1908,A LIFETIME OF RHYME,03,07,15,OK,"Cards read 1-9-0-8 bottom-to-top",OK,"Purple sunburst CD insert shows A LIFETIME OF RHYME",OK,,FLAG,"CD insert is upside-down in photo",OK,
1909,A LIFETIME OF RHYME,03,07,15,OK,"Cards read 1-9-0-9 bottom-to-top",OK,"Purple sunburst CD insert shows A LIFETIME OF RHYME",OK,,FLAG,"CD insert is upside-down in photo",OK,
1910,A LIFETIME OF RHYME,03,07,15,OK,"Cards read 1-9-1-0 bottom-to-top",OK,"Purple sunburst CD insert shows A LIFETIME OF RHYME",OK,,FLAG,"CD insert is upside-down in photo",OK,
1905,SONGS FOR A LADY,03,07,15,OK,"Cards read 1-9-0-5 bottom-to-top UPRIGHT_FIXED",OK,"Insert shows SONGS FOR A LADY / MUSIC & VOCALS by Klaus Bluetner / LYRICS by Tom Jensen",OK,,FLAG,"Insert document rotated 90 degrees within UPRIGHT_FIXED photo",OK,
1902,music and vocals by,03,07,15,OK,"Cards read 1-9-0-2 left-to-right",OK,"Blue insert reads music and vocals by JUSTIN JUSTICE",OK,,OK,,OK,
2002,SURE LINES,03,16,25,OK,"Cards read 2-0-0-2 bottom-to-top UPRIGHT_FIXED",OK,"Multiple CD inserts; SURE LINES colorful dots card visible",OK,,OK,,OK,
1766,JUSTIN JUSTICE 18 SONGS DISC,03,16,25,OK,"Cards read 1-7-6-6 left-to-right",OK,"CD in clear case shows JUSTIN JUSTICE / TOM JENSEN with 18-song track list",OK,,OK,,OK,
1767,JUSTIN JUSTICE 18 SONGS DISC PURPLE CASE,03,16,25,OK,"Cards read 1-7-6-7 bottom-to-top",OK,"CD in purple case shows JUSTIN JUSTICE / TOM JENSEN",OK,,OK,,OK,
1768,JUSTIN JUSTICE 18 SONGS DISC,03,16,25,OK,"Cards read 1-7-6-8 bottom-to-top",OK,"CD in purple case shows JUSTIN JUSTICE / TOM JENSEN insert with 18-song list",OK,,OK,,OK,
1945,Assorted musicians CD,03,16,25,OK,"Cards read 1-9-4-5 bottom-to-top",OK,"Document header reads Assorted musicians CD",OK,,FLAG,"Document text rotated 90 degrees in photo",OK,
1784,100 POEMS FOR BOOK NOV 15 07 GOLD CDR,03,16,25,OK,"Cards read 1-7-8-4 bottom-to-top",OK,"Gold Staples CD-R reads 100 poems for book / Nov 15th 07",OK,,OK,,OK,
1769,A Lifetime of Rhyme,03,16,25,OK,"Cards read 1-7-6-9 bottom-to-top",OK,"Memorex CD-R reads A Lifetime of Rhyme first demo 26th copy",OK,,OK,,OK,
1770,A LIFETIME OF RHYME 16TH COPY,03,16,25,FLAG,"Cards ambiguous; third card reads as 7 or 0; could be 1700 or 1770",OK,"Disc reads A LIFETIME of RHYME with 16th copy visible",OK,,FLAG,"Photo rotated; disc text upside-down relative to number cards",OK,
1571,CD-R COLLECTION,03,16,25,OK,"Cards read 1-S-7-1=1571",FLAG,"Photo shows book POETRY IS NOT DEAD YET by Brian Rainstorm; does not match CD-R COLLECTION",FLAG,"Photo shows book not CD-R",OK,,OK,
1573,CD-R COLLECTION,03,16,25,FLAG,"No photos available",FLAG,"No photos available",FLAG,"No photos available",FLAG,"No photos available",FLAG,"No photos available"
1580,CD-R COLLECTION,03,26,30,OK,"Cards read 1-S-8-0 bottom-to-top (S=5)=1580",OK,"Memorex CD-R labeled A LIFETIME OF RHYME First Demo 4th Copy",OK,,OK,,OK,
1582,CD-R COLLECTION,03,26,30,OK,"Cards read 1-S-8-2 bottom-to-top (S=5)=1582",OK,"Gold CD-R reads JustinJustice.com ReadTom.com 18 Songs",OK,,OK,,OK,
1585,CD-R COLLECTION,03,26,30,OK,"Cards read 1-S-8-S left-to-right (S=5)=1585",OK,"Gold Memorex CD-R reads Tom's Top Twenty / ReadTom.com / 17",OK,,OK,,OK,
1587,CD-R COLLECTION,03,26,30,OK,"Cards read 1-S-8-7 bottom-to-top (S=5)=1587",OK,"Gold Memorex CD-R reads Tom's Top Twenty / ReadTom.com / 19",OK,,OK,,OK,
1783,DIVISION STAPLES CDR CIRCLED 2,03,26,30,OK,"Cards read 1-7-8-3 bottom-to-top",OK,"Staples CD-R reads DIVISION with Tom Jensen business card and ReadTom.com label",OK,,OK,,OK,
1794,DIVISION CIRCLED 5,04,01,10,OK,"Cards read 1-7-9-4 left-to-right",OK,"Staples CD-R reads DIVISION with circled 5",OK,,OK,,OK,
1771,READTOM COM 20 SONG COMP DISC,04,01,10,OK,"Cards read 1-7-7-1 left-to-right",OK,"Memorex CD-R reads ReadTom.com",OK,,OK,,OK,
1772,READTOM COM 20 SONG COMP DISC,04,01,10,OK,"Cards read 1-7-7-2 left-to-right",OK,"Memorex CD-R reads ReadTom.com",OK,,FLAG,"Insert upside-down in case",OK,
1773,READTOM COM 20 SONG COMP DISC,04,01,10,OK,"Cards read 1-7-7-3 left-to-right",OK,"Memorex CD-R reads ReadTom.com",OK,,OK,,OK,
1788,Songs for a Lady,04,01,10,OK,"Cards read 1-7-8-8 left-to-right",OK,"Memorex CD-R reads Songs for a Lady / first demo / 13th Copy",OK,,OK,,OK,
1789,Songs for a Lady,04,01,10,OK,"Cards read 1-7-8-9 left-to-right",OK,"Memorex CD-R reads Songs for a Lady 28th copy / first demo",OK,,OK,,OK,
1790,SONGS FOR A LADY FIRST DEMO 7TH COPY,04,01,10,OK,"Cards read 1-7-9-0 bottom-to-top rotated photo",OK,"Memorex CD-R reads SONGS FOR A LADY First Demo 7th copy",OK,,FLAG,"Photo rotated 90 degrees",OK,
1785,SURE LINES KLAUS BLUETNER CIRCLED 19,04,01,10,OK,"Cards read 1-7-8-S bottom-to-top (S=5) rotated photo",OK,"Staples CD-R reads SURE LINES Klaus Bluetner & Tom Jensen (19) circled",OK,,FLAG,"Photo rotated 90 degrees",OK,
1786,SURE LINES CIRCLED 1,04,01,10,OK,"Cards read 1-7-8-6 bottom-to-top rotated photo",OK,"Staples CD-R reads SURE LINES Klaus Bluetner & Tom Jensen (1) circled",OK,,FLAG,"Photo rotated 90 degrees",OK,
1787,SURE LINES CIRCLED 18,04,01,10,OK,"Cards read 1-7-8-7 bottom-to-top rotated photo",OK,"Staples CD-R reads SURE LINES Klaus Bluetner & Tom Jensen (18) circled",OK,,FLAG,"Photo rotated 90 degrees",OK,
1791,TOMS TOP TWENTY CIRCLED 14,04,11,19,OK,"Cards read 1-7-9-1 bottom-to-top rotated photo",OK,"Memorex CD-R reads Tom's Top Twenty ReadTom.com (14) circled",OK,,FLAG,"Photo rotated 90 degrees",OK,
1792,TOMS TOP TWENTY CIRCLED 6 GREEN CASE,04,11,19,OK,"Cards read 1-7-9-2 left-to-right",OK,"Memorex CD-R in green case reads Tom's Top Twenty ReadTom.com (6) circled",OK,,OK,,OK,
1793,TOMS TOP TWENTY CIRCLED 10 ORANGE CASE,04,11,19,OK,"Cards read 1-7-9-3 bottom-to-top rotated photo",OK,"Memorex CD-R in orange case reads Tom's Top Twenty ReadTom.com (10) circled",OK,,FLAG,"Photo rotated 90 degrees",OK,
1795,UNITY CDR CIRCLED 3 READTOM COM,04,11,19,OK,"Cards read 1-7-9-S bottom-to-top (S=5) rotated photo",OK,"Staples CD-R reads UNITY (3) circled ReadTom.com",OK,,FLAG,"Photo rotated 90 degrees",OK,
1921,candy rapper superstar,04,11,19,OK,"Cards read 1-9-2-1 bottom-to-top",OK,"Checked-off song list starts with candy rapper superstar",OK,,FLAG,"Photo rotated 90 degrees; text runs sideways",OK,
1934,CHOMSKIAN POETRY,04,11,19,OK,"Cards read 1-9-3-4 bottom-to-top",OK,"Document header reads CHOMSKIAN POETRY with 53-song track listing",OK,,FLAG,"Photo rotated 90 degrees",OK,
1636,COLLABORHYTHM / COLLABTURES,04,11,19,OK,"Cards read 1-6-3-6 bottom-to-top",OK,"Handwritten paper shows Collaborhythm side and Collabtunes side",OK,,FLAG,"Photo rotated 90 degrees",OK,
1749,WHAT'S ON COLLABTUNER?,04,11,19,OK,"Cards read 1-7-4-9 left-to-right UPRIGHT_FIXED",OK,"Center panel reads WHAT'S ON COLLABTUNE R?",OK,,FLAG,"Center panel rotated 90 degrees within UPRIGHT_FIXED photo",OK,
1743,WHAT'S ON COLLABTUNES?,04,11,19,OK,"Cards read 1-7-4-3 bottom-to-top UPRIGHT_FIXED",OK,"Center panel reads WHAT'S ON COLLABTUNES!",OK,,FLAG,"Center panel rotated 90 degrees within UPRIGHT_FIXED photo",OK,
1744,COLLAB TO DO LIST,04,20,29,OK,"Cards read 1-7-4-4 left-to-right UPRIGHT_FIXED",OK,"Center panel reads COLLAB TO DO LIST",OK,,FLAG,"Center panel rotated 90 degrees within UPRIGHT_FIXED photo",OK,
1637,WHAT'S ON COLLABTUNES?,04,20,29,OK,"Cards read 1-6-3-7 bottom-to-top rotated photo",OK,"Large planning sheet header reads WHAT'S ON COLLABTUNES!",OK,,FLAG,"Photo rotated 90 degrees",OK,
1645,COLOR-CODED SONG INDEX / THEME CATALOG CARDS,04,20,29,OK,"Cards read 1-6-4-S bottom-to-top (S=5) UPRIGHT_FIXED",OK,"Color-coded song index pages numbered 49 and 50 visible",OK,,FLAG,"All documents sideways within UPRIGHT_FIXED photo",OK,
1086,USPS certified-mail copyright envelope,04,20,29,FLAG,"No number cards visible in photo",OK,"USPS Certified Mail Receipt on manila envelope postmarked Salem MA Nov 8 2006",OK,,OK,,OK,
1942,Major Country Problems,04,20,29,OK,"Cards read 1-9-4-2 left-to-right",OK,"Document header reads Major Country Problems",OK,,OK,"From rotated-photos but photo appears upright",OK,
1630,LYRIC STRIP LAYOUT,04,20,29,OK,"Cards read 1-6-3-0 left-to-right",OK,"Photo shows cut lyric strips laid out on flat surface",OK,,OK,,OK,
1649,THE SHIT SHOW,04,20,29,OK,"Cards read 1-6-4-9 left-to-right",OK,"Document reads start the shit show confirming title; DONUTS on right side",OK,,OK,,OK,
1087,SFAL 8th copy CD-R,04,20,29,FLAG,"Cards read 1-S-7-S bottom-to-top=1575; does not match 1087",OK,"Memorex CD-R reads Songs for a Lady First demo 8th copy",OK,,FLAG,"Photo rotated 90 degrees",OK,
1640,TOM'S TOP TWENTY / LADY WEAVER,04,20,29,OK,"Cards read 1-6-4-0 left-to-right",FLAG,"Photo shows business notes about song making platform; no CD-R with TOM'S TOP TWENTY or LADY WEAVER visible in photo 1",OK,,OK,,OK,
1943,DISCIPLES OF DIRT,04,20,29,OK,"Cards read 1-9-4-3 bottom-to-top UPRIGHT_FIXED",OK,"Document header reads DISCIPLES OF DIRT",OK,,FLAG,"Main DISCIPLES OF DIRT track listing inverted within UPRIGHT_FIXED photo",OK,
1944,DISCIPLES OF DIRT,04,30,30,OK,"Cards read 1-9-4-4 bottom-to-top UPRIGHT_FIXED",OK,"Document header reads DISCIPLES OF DIRT",OK,,FLAG,"DISCIPLES OF DIRT track listing rotated 90 degrees within UPRIGHT_FIXED photo",OK,
469,JULY 2003 MUSIC SCHEDULE,05,01,10,OK,"Cards read 4-6-9 BtT rotated photo = 469",FLAG,"Photo 1 of 2 shows lyric side (BROWNIES AND LOVE); schedule header not visible in this photo",OK,,FLAG,"Photo rotated 90 degrees",OK,
2003,DODGE STREET BAR & GRILL APRIL 2002 MUSIC SCHEDULE,05,01,10,OK,"Cards read 2-0-0-3 BtT rotated photo = 2003",FLAG,"Photo 1 of 1 shows poem/lyric back side; printed schedule header not visible",OK,,FLAG,"Photo rotated 90 degrees",OK,
1996,DODGE STREET BAR & GRILL APRIL 2002 MUSIC SCHEDULE,05,01,10,OK,"Cards read 1-9-9-6 TtB in rotated photo = 1996",OK,"Printed schedule shows DODGE STREET BAR & GRILL APRIL 2002 MUSIC SCHEDULE",OK,,FLAG,"Photo rotated 90 degrees",OK,
1954,AUGUST 2003 MUSIC SCHEDULE,05,01,10,OK,"Cards read 1-9-5-4 BtT rotated pink paper = 1954",OK,"Pink paper shows DODGE STREET BAR & GRILL AUGUST 2003 MUSIC SCHEDULE",OK,,FLAG,"Photo rotated 90 degrees",OK,
1888,Domain Name Expiration Notice,05,01,10,OK,"Cards read 1-8-8-8 BtT rotated = 1888",OK,"Printed document header reads Domain Name Expiration Notice from IDNS",OK,,FLAG,"Photo rotated 90 degrees",OK,
1999,DUIL PROGRAM OVERVIEW,05,01,10,OK,"Cards read 1-9-9-9 BtT rotated = 1999",OK,"Printed document shows bold header DUIL PROGRAM OVERVIEW",OK,,FLAG,"Photo rotated 90 degrees",OK,
1765,GATOR,05,01,10,OK,"Cards read 1-7-6-5 horizontal = 1765",OK,"Black Stratocaster in black hard GATOR-brand guitar case",OK,,OK,,OK,
1079,A LIFETIME OF RHYME - EMPTY CD CASE,05,01,10,FLAG,"No photos provided",FLAG,"No photos provided",FLAG,"No photos provided",FLAG,"No photos provided",FLAG,"No photos provided"
1378,FIRST DRAFT FINISHED SONGS,05,01,10,FLAG,"UPRIGHT_FIXED: 4 white card squares visible on right but digits not legible at distance",OK,"Cover sheet reads FIRST DRAFT FINISHED SONGS by Tom Jensen",OK,,OK,,OK,
1912,SONGS WITH LYRICS BY TOM JENSEN,05,01,10,OK,"Cards read 1-9-1-2 BtT confirmed by typed_words = 1912",OK,"Printed flyer shows SONGS WITH LYRICS BY TOM JENSEN",OK,,OK,,OK,
1923,GOOD POEMS FOR SONGS IN,05,11,20,OK,"Cards read 1-9-2-3 BtT = 1923",OK,"Pink sheet GOOD POEMS FOR SONGS and white sheet IN visible",OK,,OK,,OK,
1531,National Achievement Test Report And Salem State Log Newspaper,05,11,20,OK,"Cards read 1-S-3-1 horizontal (S=5) = 1531",OK,"Salem State Log masthead and Tom Jensen article visible",OK,,OK,,OK,
1543,Lynnfield HS 1996 Graduation Program And Salem State Dean's List Clipping,05,11,20,OK,"Cards read 1-S-4-3 horizontal (S=5) = 1543",OK,"Lynnfield High School GRADUATION June 16 1996 booklet cover",OK,,OK,,OK,
1080,READ JUSTIN TOM.COM - 18 SONGS CD-R,05,11,20,FLAG,"No photos provided",FLAG,"No photos provided",FLAG,"No photos provided",FLAG,"No photos provided",FLAG,"No photos provided"
992,BACKWARDS IS the NEW Forward!,05,11,20,OK,"Cards read 9-9-2 horizontal = 992",OK,"Hand-lettered sign reads BACKWARDS Is the NEW Forward!",OK,,OK,,OK,
1505,A Warm Fuzzy Award,05,11,20,OK,"Cards read 1-S-0-S horizontal (S=5) = 1505",OK,"Certificate reads A WARM FUZZY AWARD; presented to Tommy for always being there",OK,,OK,,OK,
1609,HANDWRITTEN SIGN - HIPPY BATHDAY YOU TWO,05,11,20,OK,"Cards read 1-6-0-9 horizontal = 1609",OK,"Two sheets both reading Hippy Bathday You Two with color annotation marks",OK,,OK,,OK,
939,Handwritten Title List,05,11,20,OK,"Cards read 9-3-9 horizontal = 939",FLAG,"Photo 1 shows only blank lined page with (to go in)/I am the rules; alphabetical title list not visible",FLAG,"Title list content not visible in photo 1 of 2",OK,,OK,
1762,SET LISTS 10/05/2024,05,11,20,OK,"Cards read 1-7-6-2 BtT rotated = 1762",FLAG,"Wide-view shows set list cards spread out but 10/05/2024 date label not confirmed",OK,,FLAG,"Photo rotated 90 degrees",OK,
1922,MY FAVORITES,05,11,20,OK,"Cards read 1-9-2-2 left side TtB = 1922",OK,"Lower right paper shows MY FAVORITES as section heading",OK,,OK,,OK,
1610,Black People Have White Souls,05,21,30,OK,"Cards read 1-6-1-0 TtB on left side UPRIGHT_FIXED = 1610",OK,"Placard text reads Black People Have White Souls (sideways within frame)",OK,,FLAG,"UPRIGHT_FIXED: main placard text still rotated 90 degrees within corrected frame",OK,
2012,ZIONATION SET LIST 23,05,21,30,OK,"Cards read 2-0-1-2 TtB right side rotated photo = 2012",OK,"Rolled scroll labeled ZIONATION / SET LIST 23",OK,,FLAG,"Photo rotated 90 degrees",OK,
2040,SET LIST THREE,05,21,30,OK,"Cards read 2-0-4-0 TtB right side rotated photo = 2040",OK,"Rolled scroll reads SET LIST THREE (3)",OK,,FLAG,"Photo rotated 90 degrees",OK,
1927,SONG INDEX A1 TO W13,05,21,30,OK,"Cards read 1-9-2-7 horizontal at top UPRIGHT_FIXED = 1927",OK,"Notebook page 38 shows alphabetical song index from A1 through W13",OK,,OK,,OK,
1929,SONG TITLE LIST,05,21,30,OK,"Cards read 1-9-2-9 BtT vertical rotated photo = 1929",OK,"Four sheets with long handwritten song title lists",OK,,FLAG,"Photo rotated 90 degrees",OK,
1926,SONG TITLE INDEX LIST,05,21,30,OK,"Cards read 1-9-2-6 horizontal at top = 1926",OK,"Large paper shows numbered song index with timecodes; small alphabetical index card also visible",OK,,OK,"Photo from rotated-photos input but appears upright",OK,
1555,Lynnfield High ID Card Plane Ticket Stub And San Francisco Visitor Map,05,21,30,OK,"Cards read 1-S-S-S TtB right side UPRIGHT_FIXED (S=5) = 1555",OK,"SF Visitor Map unfolded; United Airlines ticket stub visible",OK,,FLAG,"UPRIGHT_FIXED: map and ticket rotated 90 degrees within corrected frame",OK,
1917,I NEED $$,05,21,30,OK,"Cards read 1-9-1-7 BtT vertical column left side = 1917",OK,"Paper reads I NEED $$ with heavy green marker scribbling",OK,,OK,,OK,
1913,JENSEN4PRESIDENT2020,05,21,30,OK,"Cards read 1-9-1-3 BtT vertical column left side rotated = 1913",OK,"Campaign flyer shows JENSEN4PRESIDENT2020; Tom Jensen photo and 23-point platform",OK,,FLAG,"Photo rotated 90 degrees",OK,
1553,LETTER TO MARTIN BARON,05,21,30,OK,"Cards read 1-S-S-3 TtB left side UPRIGHT_FIXED (S=5) = 1553",OK,"Envelope addressed to Martin Baron 135 Morrison Blvd Dorchester MA; RETURN TO SENDER stamp; NOV 13 2002 postmark",OK,,FLAG,"UPRIGHT_FIXED: envelope rotated 90 degrees within corrected frame",OK,
1726,"Anything that makes you more undesirable to others makes",06,01,05,OK,"Cards read 1-7-2-6 left-to-right (horizontal row at top) = 1726",OK,"Paper reads 'Anything that makes you more undesireable to others makes you more desirable to me...'; matches name_on_card",OK,"Full opening love-line visible; matches typed_words",OK,"Photo appears correctly oriented","",""
1647,"SONGS ONE THROUGH THIRTEEN NUMBERED",06,01,05,OK,"Cards read 1-6-4-7 top-to-bottom (vertical column on right side UPRIGHT_FIXED photo) = 1647",FLAG,"Photo 1 of 15; UPRIGHT_FIXED version shows page 33 at top of lyric stack; title 'SONGS ONE THROUGH THIRTEEN NUMBERED' not visible in photo 1",OK,"Large stacks of numbered lyric sheets with colored-marker circles; green annotations visible; consistent with typed_words",OK,"UPRIGHT_FIXED photo: paper stacks readable in standard orientation","",""
1071,"But things aren't always what they seem",06,01,05,OK,"Cards read 1-0-7-1 left-to-right (horizontal row at top) = 1071",OK,"Paper reads 'But things aren't always what they seem'; first line matches name_on_card",OK,"Opening quatrain fully visible; photo upright despite rotated-photos source; matches typed_words",OK,"Photo appears correctly oriented despite rotated-photos source folder","",""
911,"Never be afraid when your opinion is based on fact",06,01,05,OK,"Cards read 9-1-1 left-to-right (horizontal row at top) = 911",OK,"Paper reads 'Never be afraid when your opinion is based on fact'; first line matches name_on_card",OK,"Full lyric stanza and baseball essay visible; phone number in right margin; photo upright despite rotated-photos source; matches typed_words",OK,"Photo appears correctly oriented despite rotated-photos source folder","",""
971,"And though I get my A's",06,01,05,OK,"Cards read 9-7-1 left-to-right (horizontal row at top) = 971",OK,"Paper reads 'And though I get my A's'; first line matches name_on_card",OK,"Full quatrain and Hemingway commentary visible; photo upright despite rotated-photos source; matches typed_words exactly",OK,"Photo appears correctly oriented despite rotated-photos source folder","",""
1641,"LYRIC WEAVER",06,06,08,OK,"Cards read 1-6-4-1 left-to-right (horizontal row at top) = 1641",OK,"Hand-drawn mockup shows 'LYRIC WEAVER' in large box at top; matches name_on_card",OK,"Mockup with menu buttons and '372 poems or songs. Broken down into 10 ALBUMS...' note; matches typed_words",OK,"Photo appears correctly oriented","",""
1002,"I like early morning when its just the birds and I",06,06,08,OK,"Cards read 1-0-0-2 left-to-right (horizontal row at top) = 1002",OK,"Paper reads 'I like early morning when its just the birds and I'; first line matches name_on_card",OK,"Opening couplet visible; rest blank; consistent with typed_words",OK,"Photo appears correctly oriented","",""
1956,"ChallengingMedia",06,06,08,OK,"Cards read 1-9-5-6 left-to-right (horizontal row at top) = 1956",OK,"Paper shows 'ChallengingMedia' as header; matches name_on_card",OK,"Full media list visible with red circles; photo upright despite rotated-photos source; matches typed_words",OK,"Photo appears correctly oriented despite rotated-photos source folder","",""
1562,"BINDER - 'NEW STUFF FOLDER'",06,09,09,OK,"Cards read 1-S-6-2 (S=5) = 1562",OK,"Clear-front binder shows 'NEW STUFF FOLDER' handwritten index header; matches name_on_card",OK,"Full contents index visible: ARTICLES 168 Pages, Baseball 40 Pages, etc.; matches typed_words exactly",OK,"Photo appears correctly oriented","",""
1509,"School Records And Memorabilia Collection",06,10,15,OK,"Cards read 1-S-0-9 (S=5) = 1509",OK,"Saint Joseph School report card 1986-1987 visible; Thomas Jensen Grade 3; Ms. Paula Connors; Sister Alice Parent SASV Principal; matches item as first of 4",OK,"Full report card with all subject grades across 3 terms visible; 'HAVE A GOD-FILLED SUMMER!' in red; Promoted to Grade 4; matches typed_words",OK,"Photo appears correctly oriented","",""
1738,"The first penguin",06,10,15,OK,"Cards read 1-7-3-8 left-to-right (horizontal row at top) = 1738",OK,"'The first penguin' written vertically in left margin; matches name_on_card",OK,"Full content visible including circled quote, 'Planetary Brain & Unified Social Network', Rick & Rays phone number, 'Never have Children Only Grand Children'; photo upright despite rotated-photos source; matches typed_words",OK,"Photo appears correctly oriented despite rotated-photos source folder","",""
870,"Patty",06,10,15,OK,"Cards read 8-7-0 left-to-right (horizontal row at top) = 870",OK,"Paper shows 'Patty' at top of right-column names list; matches name_on_card",OK,"Full content visible: names list, History/Heros/Heartbreaks/Hopes, teapot stanza, bet amounts, purple ink commentary; matches typed_words",OK,"Photo appears correctly oriented","",""
1650,"QUOTE CARDS AND SKETCH NOTES",06,10,15,FLAG,"UPRIGHT_FIXED photo: only 3 card squares clearly visible; item_number 1650 requires 4 digits; one card may be hidden; cannot confirm all 4 digits",OK,"'Politricks' header card visible with Jalenie's grandpa/uncle quotes; content consistent with 'QUOTE CARDS AND SKETCH NOTES'",OK,"Photo 1 of 6; Politricks header card, Damn John Jay quote, Denzel Washington Fallen quotes, LBJ camera/cactus Monday 8:30 A.M. card; matches typed_words",FLAG,"UPRIGHT_FIXED photo: main document sheets still rotated 90° sideways within corrected frame","Text readable despite sideways orientation"
452,"I Said Here Comes the Money Honey",06,10,15,OK,"Cards read 4-S-2 (S=5) = 452",OK,"Paper reads 'I SAID, Here Comes the money honey'; first line matches name_on_card",OK,"Full lyric visible through 'FREE OURSELVES FROM FEAR' with crossed-out revisions; matches typed_words",OK,"Photo appears correctly oriented","",""
1653,"NOTE CARDS AND QUOTE FRAGMENTS",06,10,15,OK,"Cards read 1-6-S-3 (S=5) = 1653",OK,"Multiple loose note cards visible; content consistent with 'NOTE CARDS AND QUOTE FRAGMENTS'",OK,"Front card: girlies giggle joke, ego depletion/glucose notes, LBJ camera/cactus quote; matches typed_words",OK,"Photo appears correctly oriented","",""
1898,"Press kits",06,16,24,OK,"Photo rotated 90°; cards 1-8-9-8 top-to-bottom on left column = 1898",FLAG,"Name 'Press kits' not visible as label in photo 1; content shows music business management/talent agent notes",OK,"Music business notes fully visible including management, talent agents, contract terms; matches typed_words opening",FLAG,"Photo rotated 90°; notebook text runs vertically sideways","Text readable despite sideways orientation"
1900,"MUSICIANS TURN MY WORDS INTO SONGS",06,16,24,OK,"Photo rotated 90°; cards bottom-to-top in rotated photo = 1-9-0-0 = 1900",OK,"'MUSICIANS TURN MY WORDS INTO SONGS' printed on document; matches name_on_card",OK,"Full list of 21 songs with attributed musicians; sticky note burger order; Do You READTOM.COM; matches typed_words",FLAG,"Photo rotated 90°; document text runs vertically sideways","Text readable despite sideways orientation"
206,"A I told myself that I'm willing to wait",06,16,24,OK,"Cards read 2-0-6 left-to-right (horizontal row at top) = 206",OK,"Paper starts 'A I told myself that I'm willing (to wait)' with 'A' chord label; matches name_on_card",OK,"Full rhyme-bank worksheet with 9 headings and rhyme lists; matches typed_words",OK,"Photo appears correctly oriented","",""
1736,"I Bought extra ticket to a",06,16,24,OK,"Cards read 1-7-3-6 left-to-right (horizontal row at top) = 1736; photo upright despite rotated-photos source",OK,"Paper reads 'I Bought an extra ticket to a / Someone's mark maron Show'; matches name_on_card",OK,"Full text visible including crossed-out 'two guys' and '830 / 1201 to end'; matches typed_words",OK,"Photo appears correctly oriented despite rotated-photos source folder","",""
1612,"A Think Button that plays the sounds of crickets chirping",06,16,24,OK,"Photo rotated; cards 1-6-1-2 top-to-bottom on right side = 1612",OK,"Paper shows 'A Think Button that plays the Sounds of crickets chirping...'; matches name_on_card",OK,"Single line with THINK button graphic visible; matches typed_words",FLAG,"Photo rotated approximately 90°; text runs sideways","Text readable despite sideways orientation"
823,"Do I try to reach a thousand",06,16,24,OK,"Cards read 8-2-3 left-to-right (horizontal row at top) = 823; photo upright despite rotated-photos source",OK,"Paper reads 'Do I try to reach a thousand'; first line matches name_on_card",OK,"All three lines visible; matches typed_words exactly",OK,"Photo appears correctly oriented despite rotated-photos source folder","",""
1104,"Empathy is really Sympathy for the Enlightened",06,16,24,FLAG,"Only 3 card squares visible on left; middle card reads approximately 'S' or '5' inconsistent with expected second digit '1' for item 1104; cannot confirm all 4 digits",OK,"Paper clearly shows 'Empathy is really Sympathy for the Enlightened' in large blue marker; matches name_on_card",OK,"All 5 lines visible in large blue marker; matches typed_words exactly",FLAG,"Photo rotated 90°; marker text runs vertically sideways","Text readable in large blue marker despite sideways orientation"
852,"This is wHAT TV MADE",06,16,24,OK,"Cards read 8-S-2 (S=5) = 852; photo upright despite rotated-photos source",OK,"Paper reads 'This is WHAT TV MADE,' matching name_on_card mixed case",OK,"'This is WHAT TV MADE / I just violated you with my imagination' and inverted Trump/Hilary/OBAMA note visible; matches typed_words",OK,"Photo appears correctly oriented despite rotated-photos source folder","",""
1891,"The Free Career Test Report for timmy timm: Your Workplace Fit Graph",06,16,24,OK,"Photo rotated 90°; cards 1-8-9-1 top-to-bottom on left column = 1891",OK,"Document header 'The Free Career Test Report for timmy timm: Your Workplace Fit Graph' visible; matches name_on_card exactly",OK,"Workplace fit graph with 7-axis radar chart; scores Artistic/Investigative/Social High Enterprising Med; URL with GUID dated 7/1/2009; matches typed_words",FLAG,"Photo rotated 90°; printed document text runs vertically sideways","Text readable despite sideways orientation"
1951,"Read Tom dot com Friends",06,25,30,OK,"Photo rotated 90°; 4 card squares visible in upper area consistent with 1-9-5-1 = 1951",OK,"Multiple sheets show 'READ TOM DOT COM' and 'FRIENDS / READ TOM DOT COM' box/list header; consistent with name_on_card",OK,"Multiple friend list sheets visible with international friends, DOT COM Posse list, email contacts; matches typed_words",FLAG,"Photo rotated 90°; document text runs vertically sideways","Text readable despite sideways orientation"
1802,"ONLY THE BEST",06,25,30,OK,"Cards read 1-8-0-2 left-to-right (horizontal row at top of UPRIGHT_FIXED photo) = 1802",OK,"Book cover 'ONLY THE BEST / poems & song / lyrics / by Tom Jensen / READTOM.COM' visible; matches name_on_card",OK,"Book cover with three red roses on black background fully visible; consistent with typed_words cover and index description",OK,"UPRIGHT_FIXED photo: correctly oriented","",""
1803,"ONLY THE BEST poems & song lyrics",06,25,30,OK,"Photo rotated 90°; cards read 3-0-8-1 top-to-bottom; reversed = 1-8-0-3 = 1803; typed_words confirm '[On the paper cards] 3/0/8/1'",OK,"Book cover 'ONLY THE BEST poems & song lyrics by Tom Jensen READTOM.COM' visible; matches name_on_card",OK,"Book cover and index sheets visible with multiple content categories and page numbers; consistent with typed_words",FLAG,"Photo rotated 90°; book cover and index text run vertically sideways","Text readable despite sideways orientation"
1806,"ONLY THE BEST poems & song lyrics",06,25,30,OK,"Cards read 1-8-0-6 left-to-right (horizontal row at top) = 1806; photo upright despite rotated-photos source",OK,"Book cover 'ONLY THE BEST poems & song lyrics by Tom Jensen READTOM.COM' visible; matches name_on_card",OK,"Book cover fully visible; index page sheets at right margin; consistent with typed_words",OK,"Photo appears correctly oriented despite rotated-photos source folder","",""
1592,"A PERFECT WORLD",06,25,30,OK,"Cards read 1-S-9-2 (S=5) = 1592",FLAG,"Photo 1 of 3 shows book cover 'ONLY THE BEST poems & song lyrics'; poem title 'A PERFECT WORLD' not visible in photo 1 - would appear on interior page",OK,"Book cover 'ONLY THE BEST poems & song lyrics by Tom Jensen READTOM.COM' with three red roses visible; cover portion of typed_words confirmed",OK,"Photo appears correctly oriented","",""
1721,"AMERICÆ nova Tabula.",06,25,30,OK,"Cards read 1-7-2-1 left-to-right (horizontal row at top) = 1721; photo upright despite rotated-photos source",FLAG,"Photo 1 of 4 shows blank interior pages and inside back cover; map cover with 'AMERICÆ nova Tabula.' not visible in photo 1",FLAG,"Photo 1 shows blank interior lined pages; cover text 'AMERICÆ nova Tabula.' and all map/publisher content from typed_words not visible in photo 1",OK,"Photo appears correctly oriented despite rotated-photos source folder","",""
1639,PLAN A,07,01,06,OK,Cards read 1-6-3-9 left-to-right (horizontal row at top) = 1639,OK,'PLAN A' underlined header visible in blue ink at top of page; matches name_on_card,OK,Photo 1 of 4; full plan visible: 'Take over a physical Location (Bar probably) and use This premise to Attract People to help us/$$ support. * Make it virtual/online/Live participation with audience participation from all over the world. We want singers & musicians to (A) turn my words into songs (Tom Jensen) or Cover songs already made until we find suitable talent / (B) Cover Lady Weaver songs until we find suitable talent / (C) Cover Mary Cigarettes songs until we find suitable talent / (D) Cover/Create more Trevor Moore type songs until we find suitable talent. Then: We Tour = $$$'; matches typed_words,OK,Photo appears correctly oriented; text readable in standard orientation,OK,
1814,COMPOSITION,07,01,06,OK,"Cards in vertical column on left read top-to-bottom as 4-1-8-1; reversed for original left-to-right order = 1-8-1-4 = 1814; typed_words confirm '[On the small pieces of paper, from top to bottom]: 4/1/8/1'",OK,Two composition pocket notebooks show 'COMPOSITION / 60 Sheets 120 Pages / 4½ IN x 3¼ IN'; matches name_on_card,OK,"Photo 1 of 9; two composition pocket notebooks visible plus loose papers and cards; typed_words describe notebook contents including Hotel Utah Open mic contacts, Tweedy/Bruce/Colburn contacts, soccer with Hookers note, various other notes; photo 1 shows covers and immediate surroundings consistent with typed_words description of a composition notebook collection",OK,Photo appears correctly oriented; text readable in standard orientation,OK,
1962,A POEM A DAY,07,01,06,OK,Cards read 1-9-6-2 left-to-right (horizontal row at top) = 1962; photo appears upright despite rotated-photos source path,OK,'TOM JENSEN / A POEM A DAY' visible on center-left sheet in green marker; matches name_on_card,OK,"Photo 1 of 6; from rotated-photos source but photo appears upright; multiple sheets visible: business partner offer sheet, 'I'm writing the next chapter' sheet, checklist sheet with 'Finish Binder / correct 365 BOOK' etc., 'Live Stream Jam at restaurant or bar', Book Format tiers, 'Not Suitable for children section / Index / Spoofs'; matches typed_words",OK,Photo appears correctly oriented despite rotated-photos source folder; text readable in standard orientation,OK,
1933,POEM DRAFTS AND THEMES CHART,07,01,06,OK,Cards read 1-9-3-3 left-to-right (horizontal row at top) = 1933,OK,Chart with columns 'title / drafts / finished Product? / Origins / theme' visible; content represents poem drafts and themes tracking; matches name_on_card 'POEM DRAFTS AND THEMES CHART',OK,Photo 1 of 1; full chart visible with rows: Goldfish/Turtles [star] 1 turtle Pointless existence; Ode to Jason [star] 2 V true story Innocence/pure hart hero; Downs and ups [star] 1 opposites/new style; A perfect world [star] 2 V Acid trip; Around the King's table 1 V new style drinker; Hidden Evils 2 Hidden evils we overlook; Wilted Rose 1; Winter of the dead 1 I like heat; Patching the hole [star] 1 V; Call it fate [star] 2; Symphanys [star]; Poet's Bio; matches typed_words,OK,Photo appears correctly oriented; text readable in standard orientation,OK,
1932,Poems by Tom 1,07,01,06,OK,"Cards in vertical column on left read top-to-bottom as 2-3-9-1; reversed for original left-to-right order = 1-9-3-2 = 1932; typed_words confirm '[On the left, four cards with numbers, read top to bottom]: 2/3/9/1'",OK,'Poems by Tom 1' written on left vertical paper; matches name_on_card,OK,Photo 1 of 3; left paper shows 'Poems by Tom 1 / IN→ / ALCOHOL / A PERFECT WORLD / PICTURE SOMETHING NICE / HAVE A DRINK / AN EX-POEM / Playing chess...' with full list and heart marks on some entries; small top-left paper with 'In a Jiffy / Nothing at all / Pretty Toys / Hurting her knees & pride / Right Between the eyes / She / Daddy Taught Me / Dead End / Dream Land'; right side 'MY TOP VIDEOS / MY TOP FAVORITES / MY FAVORITES' table with ranked songs; matches typed_words,OK,Photo appears correctly oriented; text readable in standard orientation,OK,
1757,POEM TITLE INDEX LIST,07,01,06,OK,Cards read 1-7-S-7 left-to-right (horizontal row at top; S=5) = 1757,OK,"Multiple poem title index sheets visible including 'LOVE IS GOOD (42)' alphabetical index, 'NEW POEMS / Countdown & Yesterday's Songs' sheet, 'Poems Printed/Typed' card; collectively constitute a poem title index list; matches name_on_card",OK,"Photo 1 of 6; 'LOVE IS GOOD (42)' center sheet with A-numbered entries (A6 A poem to rachel, A9 Prayer for life's meaning...); 'Nuclear Havlocost 3 / Order 4 / Deep Dank Place 9 / Heros Saga 22 / Hero's saga 27' on bottom sheet; 'Poems Printed/Typed' red card listing SKY AND LIGHT, open and closed, Nothing at all, She, shadow boxing, melting show, HAPPY BIRTHDAY TO ME, MAKING A LIST, Head First, On the Rocks; 'Overdose P.43 / my own little world P.45' on right; matches typed_words",OK,Photo appears correctly oriented; text readable in standard orientation,OK,
1955,Poems now Songs from PBT,07,07,11,OK,Photo rotated 90°; cards on right side read top-to-bottom as 1-9-S-S (S=5) = 1955 in original left-to-right order,OK,Upper right sheet header reads 'poems now Songs From PBT:'; matches name_on_card 'Poems now Songs from PBT',OK,Photo 1 of 2; rotated 90°; two sheets visible: left sheet lists 'Water flesh & bone / Dead Silence / Nature of Man / Overrated / TM / We're the ones / Rocking the wall / Fresco / Clean wipe to slate / What we share / Come for a Ride / Curves of Sorrow / One sip of Knife / Here and Now / Last Cup of Coffee / Blessing in disguise / Unity / Rainy day Sunshine / Worth the wait / Dead End / Right between the eyes / Little Bird / How Can you Live' with notes 'in the coming rain / Let Down / underrated'; right sheet lists 'Ythop / Angel / Good Morn / Unlove / Well organ / Sky light / Lonely clouds / Runion / Questions / Me Myself / Top MT.' with counts '1 / ocean 60 / 60 / 100 / Pandora / Always moving / Secrets from / Patching back'; matches typed_words,FLAG,Photo rotated 90°; document text runs vertically sideways in frame,OK,Text readable despite sideways orientation
1750,POEMS WITH NO HOME,07,07,11,OK,Photo rotated 90°; cards on right side read top-to-bottom as 1-7-S-0 (S=5) = 1750 in original left-to-right order,OK,'POEMS WITH NO HOME' printed in large blue letters on center document; matches name_on_card,OK,"Photo 1 of 2; rotated 90°; center sheet 'POEMS WITH NO HOME' with category columns: VIOLENCE (titles including one redacted/blacked out, Clinical Depression, Corey Story, Cost of War blacked out, Getting Juiced, Snipers Song, Venus, Watering the Weeds), DEATH (Cop Asked the Witnesses, Oasis, Rest in Peace), GOD (Betrayal, Closer to God, Disciple of Dirt, Sunday Morning Sex, Tom's Psalm, Walking Paradox, Well Organized), DRUGS (Better Than It Seems, Climbing the Ladder, Light or White, Number One, Old Friends, Over Population); left sheet shows 'GETTING / PULLED' with 'UNDER RATED / Questions & Answers / Rain / Dying Day' list and poem excerpt; right area shows index categories in orange: CHOMSKIAN, INTERNAL Struggle, RELATIONSHIPS, LOVE, HEARTBREAK, DRUGS / ALCOHOL; lower section: INSPIRING, DEPRESSING, FUNNY, SOCIAL ISSUES with bottom partial '4'; matches typed_words",FLAG,Photo rotated 90°; document text runs vertically sideways in frame,OK,Text readable despite sideways orientation
1845,POETRY COMPETITION,07,07,11,OK,Cards in vertical column on left read top-to-bottom as S-4-8-1; reversed for original left-to-right order = 1-8-4-S (S=5) = 1845,OK,Cover page reads 'POETRY COMPETITION / Tom Jensen / (978) 745-1496'; matches name_on_card,OK,"Photo 1 of 3; cover page visible showing 'POETRY COMPETITION / Tom Jensen / (978) 745-1496'; typed_words describe a full submission letter beginning 'Dear Professors and poetry admirers, My name is Tom Jensen...' and portfolio of poems; cover content confirmed; poem contents in later photos",OK,Photo appears correctly oriented; text readable in standard orientation,OK,
1551,Bahamas Postcard To Tom Jensen And Large Sports/Event Ticket Stub Collection,07,07,11,OK,Cards read 1-S-S-1 left-to-right (horizontal row at top; S=5) = 1551,FLAG,"Photo 1 shows the Eco Bahamas postcard cover (flamingo/parrot/terrapin photo, 'Eco Bahamas' text); postcard confirmed but ticket stub collection not visible in photo 1; full name_on_card 'Bahamas Postcard To Tom Jensen And Large Sports/Event Ticket Stub Collection' cannot be confirmed from photo 1 alone",OK,"Photo 1 of 5; Eco Bahamas postcard cover visible with flamingo, parrot, and terrapins matching typed_words 'POSTCARD (Eco-Bahamas, Greater Flamingo/Bahama Parrot/Terrapins)'; postcard details and message visible in later photos; ticket stub collection appears in later photos",OK,Photo appears correctly oriented; postcard and card number text readable in standard orientation,OK,
1106,31 ALBUMS book,07,07,11,FLAG,"Cards in vertical column on left; photo appears upright; reading bottom-to-top for left-to-right original order yields digits that do not clearly match 1106 — top card reads approximately '2', second '1', third '8' or '0', bottom '1'; cannot confirm all 4 digits spell 1106; typed_words not yet transcribed so cross-reference unavailable",OK,Book cover reads '31 ALBUMS / 120 Songs Made So Far / With Lyrics For 300 More!'; matches name_on_card '31 ALBUMS book',FLAG,Photo 1 of 1; book cover '31 ALBUMS / 120 Songs Made So Far / With Lyrics For 300 More!' clearly visible on spiral-bound book with black-and-white collage of album/cassette images; typed_words field states 'Not typed up yet' — no transcription available for comparison,OK,Photo appears correctly oriented; book cover text readable in standard orientation,OK,
1811,A LIFETIME OF RHYME,07,12,16,OK,Cards in vertical column on left read top-to-bottom as 1-1-8-1; reversed for original left-to-right order = 1-8-1-1 = 1811,OK,Book cover reads 'A LIFETIME OF RHYME / A different poem or song for everyday of the year! / by Tom Jensen'; matches name_on_card,FLAG,Photo 1 of 4; book cover 'A LIFETIME OF RHYME / A different poem or song for everyday of the year! / by Tom Jensen' clearly visible; note on right reads 'POOR QUALITY paper (thin!)'; typed_words field states 'Not typed up yet' — no transcription available for comparison,OK,Photo appears correctly oriented; book cover text readable in standard orientation,OK,
1812,A LIFETIME OF RHYME,07,12,16,OK,Cards in vertical column on left read top-to-bottom as 2-1-8-1; reversed for original left-to-right order = 1-8-1-2 = 1812,OK,Book cover reads 'A LIFETIME OF RHYME / A different poem or song for everyday of the year! / by Tom Jensen'; matches name_on_card,FLAG,Photo 1 of 3; book cover 'A LIFETIME OF RHYME / A different poem or song for everyday of the year! / by Tom Jensen' clearly visible; note on right reads 'Thicker paper / lots of notes'; typed_words field states 'Not typed up yet' — no transcription available for comparison,OK,Photo appears correctly oriented; book cover text readable in standard orientation,OK,
1593,FIRST DRAFT FINISHED SONGS,07,12,16,OK,Cards read 1-S-9-3 left-to-right (horizontal row at top; S=5) = 1593,FLAG,Photo 1 shows 'ONLY THE BEST poems & song lyrics by Tom Jensen READTOM.COM' book cover; typed_words describe this as a second copy of ONLY THE BEST bundled with a separate 'FIRST DRAFT FINISHED SONGS' manuscript; the FIRST DRAFT FINISHED SONGS cover is not visible in photo 1,OK,Photo 1 of 21; from rotated-photos source but photo appears upright; 'ONLY THE BEST poems & song lyrics by Tom Jensen READTOM.COM' book cover with three red roses on black background clearly visible; typed_words describe this as 'Second copy of ONLY THE BEST...' followed by a separate FIRST DRAFT FINISHED SONGS manuscript; book cover portion confirmed; FIRST DRAFT manuscript and later contents appear in subsequent photos,OK,Photo appears correctly oriented despite rotated-photos source folder; book cover text readable in standard orientation,OK,
1089,BASES 3rd copy,07,12,16,OK,Cards in vertical column on left read top-to-bottom as 9-8-0-1; reversed for original left-to-right order = 1-0-8-9 = 1089; second and third digits (8 and 0) have some ambiguity in handwriting style but reading is consistent with 1089,OK,Book cover reads 'BASES / best baseball stat ever / by Brian Rainstorm'; name_on_card 'BASES 3rd copy' confirmed by book title; 'copy' designation distinguishes physical copies,FLAG,Photo 1 of 1; 'BASES / best baseball stat ever / by Brian Rainstorm' green book cover visible; typed_words field states 'Not typed up yet' — no transcription available for comparison,OK,Photo appears correctly oriented; book cover text readable in standard orientation,OK,
1090,BASES 4th copy,07,12,16,OK,Cards in vertical column on left read top-to-bottom as 0-9-0-1; reversed for original left-to-right order = 1-0-9-0 = 1090; some digit ambiguity in handwriting but reading is consistent with 1090,OK,Book cover reads 'BASES / best baseball stat ever / by Brian Rainstorm'; matches name_on_card 'BASES 4th copy',FLAG,Photo 1 of 1; 'BASES / best baseball stat ever / by Brian Rainstorm' green book cover visible; typed_words field states 'Not typed up yet' — no transcription available for comparison,OK,Photo appears correctly oriented; book cover text readable in standard orientation,OK,
1657,BRIAN RAINSTORM ARTICLES BOOK BY TOM JENSEN,07,17,23,OK,Cards read 1-6-S-7 left-to-right (horizontal row at top; S=5) = 1657,OK,Book cover reads 'BRIAN RAINSTORM ARTICLES / brianrainstorm.com / McGraw-Hill open-publishing'; matches name_on_card 'BRIAN RAINSTORM ARTICLES BOOK BY TOM JENSEN',OK,"Photo 1 of 1; book cover 'BRIAN RAINSTORM ARTICLES' with maze graphic, 'McGraw-Hill open-publishing' and 'brianrainstorm.com' clearly visible; typed_words describe cover text and disclaimer page content consistent with what is visible",OK,Photo appears correctly oriented; book cover text readable in standard orientation,OK,
1654,"QUOTES, SCARY TRUTHS, ACCRUED WISDOM AND FUNNY HAHAS",07,17,23,OK,Cards read 1-6-S-4 left-to-right (horizontal row at top; S=5) = 1654,OK,"Book cover reads 'QUOTES, SCARY TRUTHS, ACCRUED WISDOM AND FUNNY HAHAS / by Brian Rainstorm / brianrainstorm.com'; matches name_on_card exactly",OK,"Photo 1 of 1; book cover clearly shows full title 'QUOTES, SCARY TRUTHS, ACCRUED WISDOM AND FUNNY HAHAS by Brian Rainstorm brianrainstorm.com'; typed_words describe this cover and note it is written under the pseudonym 'Brian Rainstorm'; cover content confirmed",OK,Photo appears correctly oriented; book cover text readable in standard orientation,OK,
1655,"QUOTES, SCARY TRUTHS, ACCRUED WISDOM AND FUNNY HAHAS",07,17,23,OK,Cards read 1-6-S-S left-to-right (horizontal row at top; S=5) = 1655,OK,"Book cover reads 'QUOTES, SCARY TRUTHS, ACCRUED WISDOM AND FUNNY HAHAS / by Brian Rainstorm / brianrainstorm.com'; matches name_on_card",FLAG,"Photo 1 of 1; book cover clearly shows full title 'QUOTES, SCARY TRUTHS, ACCRUED WISDOM AND FUNNY HAHAS by Brian Rainstorm brianrainstorm.com'; typed_words field states 'Not typed up yet' — no transcription available for comparison",OK,Photo appears correctly oriented; book cover text readable in standard orientation,OK,
1656,"QUOTES, SCARY TRUTHS, ACCRUED WISDOM AND FUNNY HAHAS",07,17,23,OK,Cards read 1-6-S-6 left-to-right (horizontal row at top; S=5) = 1656,OK,"Book cover reads 'QUOTES, SCARY TRUTHS, ACCRUED WISDOM AND FUNNY HAHAS / by Brian Rainstorm / brianrainstorm.com'; matches name_on_card",OK,"Photo 1 of 1; book cover clearly shows full title; typed_words describe this as 'Second copy of QUOTES, SCARY TRUTHS, ACCRUED WISDOM AND FUNNY HAHAS by Brian Rainstorm, brianrainstorm.com. Identical to item 1655, shot separately with its own number card'; cover confirmed as second copy",OK,Photo appears correctly oriented; book cover text readable in standard orientation,OK,
1584,BOOK - FINISHED SONGS LYRICS BY TOM JENSEN,07,17,23,OK,Cards read 1-S-8-4 left-to-right (horizontal row at top; S=5) = 1584; photo appears upright despite rotated-photos source path,OK,Book cover reads 'FINISHED SONGS LYRICS / Lyrics to 43 songs with words written by Tom Jensen / READTOM.com'; matches name_on_card 'BOOK - FINISHED SONGS LYRICS BY TOM JENSEN',OK,Photo 1 of 1; from rotated-photos source but photo appears upright; book cover 'FINISHED SONGS LYRICS / Lyrics to 43 songs with words written by Tom Jensen / READTOM.com' on dark blue spiral-bound book; typed_words describe 'Spiral-bound book. Cover: FINISHED SONGS LYRICS - Lyrics to 43 songs with words written by Tom Jensen. Imprint READTOM.com'; confirmed,OK,Photo appears correctly oriented despite rotated-photos source folder; book cover text readable in standard orientation,OK,
1568,Poems & Song Lyrics,07,17,23,OK,Cards read 1-S-6-8 left-to-right (horizontal row at top; S=5) = 1568; photo appears upright despite rotated-photos source path,OK,Book cover reads 'POEMS & SONG LYRICS by Tom Jensen'; matches name_on_card 'Poems & Song Lyrics',OK,Photo 1 of 1; from rotated-photos source but photo appears upright; book cover 'POEMS & SONG LYRICS by Tom Jensen' with red rose design clearly visible; typed_words 'POEMS & SONG LYRICS by Tom Jensen' confirmed,OK,Photo appears correctly oriented despite rotated-photos source folder; book cover text readable in standard orientation,OK,
1084,POETRY IS NOT DEAD YET,07,17,23,FLAG,Photo is from the books/ folder and shows only the book cover with no number cards visible; cannot confirm item number 1084 from this photo,OK,Book cover reads 'POETRY IS NOT DEAD YET / Brian Rainstorm' in yellow text on black background; matches name_on_card,FLAG,Photo 1 of 1; book cover 'POETRY IS NOT DEAD YET / Brian Rainstorm' (yellow on black) with spiral binding partially visible on right; typed_words field states 'Not typed up yet' — no transcription available for comparison,OK,Photo appears correctly oriented; book cover text readable in standard orientation,OK,
1088,180 GOOD POEMS FOR SONGS,07,24,27,FLAG,Photo is from the books/ folder and shows only the book cover with no number cards visible; cannot confirm item number 1088 from this photo,OK,Book cover reads '180 GOOD POEMS FOR SONGS / by tom jensen' with red roses design; matches name_on_card,FLAG,Photo 1 of 1; book cover '180 GOOD POEMS FOR SONGS / by tom jensen' with three red roses on black background clearly visible; typed_words field states 'Not typed up yet' — no transcription available for comparison,OK,Photo appears correctly oriented; book cover text readable in standard orientation,OK,
2005,ONLY THE BEST,07,24,27,OK,"Four handwritten squares visible in horizontal row above book reading left-to-right as 2-0-0-S (S=5) = 2005; typed_words note 'NUMBER CARD: NONE' (possibly referring to absence of a standard card system) but also list the squares as 's/o/o/a' (= S,0,0,2 reversed = 2005); photo appears upright despite rotated-photos source path",OK,"Book front cover reads 'ONLY THE BEST poems & song lyrics by Tom Jensen READTOM.COM'; back cover reads '""Everyone who has read this book has told me that they love me."" - Tom Jensen readtom.com'; matches name_on_card 'ONLY THE BEST'",OK,Photo 1 of 1; from rotated-photos source but photo appears upright; front and back covers both visible; typed_words describe both covers including the quote 'Everyone who has read this book has told me that they love me. - Tom Jensen readtom.com' and ISBN; confirmed,OK,Photo appears correctly oriented despite rotated-photos source folder; book cover text readable in standard orientation,OK,
2006,ONLY THE BEST poems & song lyrics,07,24,27,OK,"Photo rotated 90°; four cards visible on right side, read top-to-bottom = 2-0-0-6 = 2006; typed_words confirm '[2] [0] [0] [6]' as the card digits",OK,Book cover (rotated 90° in frame) reads 'ONLY THE BEST poems & song lyrics by Tom Jensen READTOM.COM'; matches name_on_card,OK,"Photo 1 of 1; rotated 90°; front cover 'ONLY THE BEST poems & song lyrics by Tom Jensen READTOM.COM' and back cover with '""Everyone who has read this book has told me that they love me."" - Tom Jensen readtom.com' and barcode visible; typed_words confirm all these details plus ISBN 978-1-387-89264-8; confirmed",FLAG,Photo rotated 90°; book covers text runs vertically sideways in frame,OK,Text readable despite sideways orientation
1564,SONGS BY TOM,07,24,27,OK,Cards read 1-S-6-4 left-to-right (horizontal row at top; S=5) = 1564,FLAG,Photo 1 shows a purple/violet hard-cover book with a masquerade mask design; no title text visible on the cover in this photo; 'SONGS BY TOM' name cannot be confirmed from photo 1 alone,FLAG,Photo 1 of 1; purple hard-cover book with masquerade mask graphic and no visible text on cover; typed_words field states 'Not typed up yet' — no transcription available for comparison,OK,Photo appears correctly oriented; book cover readable in standard orientation,OK,Book cover clearly visible; no text present to evaluate
1658,ONLY THE BEST poems & song lyrics,07,28,30,OK,Photo rotated 90°; cards on right side read top-to-bottom as 8-S-6-1 (S=5); reversed for original left-to-right order = 1-6-S-8 = 1658; typed_words confirm card sequence '8/5/6/1' (top-to-bottom in rotated photo),FLAG,Photo 1 shows the back/lower section of a clear-front plastic binder with a handwritten 'Tom Jensen Summaries' label card visible in the lower pocket; 'ONLY THE BEST poems & song lyrics' title is not visible in this photo,FLAG,"Photo 1 of 6; rotated 90°; shows clear binder exterior — upper pocket empty with light reflection glare, lower pocket with 'Tom Jensen Summaries' insert card at an angle; typed_words describe 'ONLY THE BEST poems & song lyrics by Tom Jensen READTOM.COM' which would appear through the clear front in a different photo; photo 1 content does not confirm typed_words book cover description",FLAG,Photo rotated 90°; binder and insert text run vertically sideways in frame,OK,Binder and insert text readable despite sideways orientation
1660,ONLY THE BEST poems & song lyrics,07,28,30,OK,Cards read 1-6-6-0 left-to-right (horizontal row at top) = 1660; typed_words confirm '1/6/6/0'; photo appears upright despite rotated-photos source path,OK,Book cover reads 'ONLY THE BEST poems & song lyrics by Tom Jensen READTOM.COM'; matches name_on_card,OK,Photo 1 of 1; from rotated-photos source but photo appears upright; book cover 'ONLY THE BEST poems & song lyrics by Tom Jensen READTOM.COM' with three red roses on black background clearly visible; typed_words confirmed,OK,Photo appears correctly oriented despite rotated-photos source folder; text readable in standard orientation,OK,
1661,ONLY THE BEST,07,28,30,OK,Cards read 1-6-6-1 left-to-right (horizontal row at top) = 1661; photo appears upright despite rotated-photos source path,OK,Book cover reads 'ONLY THE BEST poems & song lyrics by Tom Jensen READTOM.COM'; matches name_on_card 'ONLY THE BEST',OK,Photo 1 of 1; from rotated-photos source but photo appears upright; book cover 'ONLY THE BEST poems & song lyrics by Tom Jensen READTOM.COM' with three red roses on black background clearly visible; typed_words describe same book cover content; confirmed,OK,Photo appears correctly oriented despite rotated-photos source folder; text readable in standard orientation,OK,
